ID,ID2,Item title,Final URL,Image URL,Item subtitle,Item Description,Item category,Price,Sale price,Contextual keywords,Item address,Tracking template,Custom parameter,Final mobile URL,Android app link,iOS app link,iOS app store ID,Formatted price,Formatted sale price
921826_001_8.5_CNF,,Nike air max 97,http://ballzy.eu/et/product/nike-air-max-97-921826-001-8-5-cnf,https://tanelneemoja.github.io/testing-somecool-stuff/generated_ads/ad_921826_001_8.5_CNF_23870d4f.jpg,,"järgmine peatus: nike air max 97, mille originaalne laineline disain on inspireeritud jaapani kiirrongidest, võimaldab sul oma stiili täie hooga edasi viia. võttes revolutsioonilise täispika nike airi üksuse, mis raputas jooksumaailma, ning lisades sellele värsked värvid ja teravad detailid, saad sõita esmaklassilises mugavuses… toote omadused: mesh ja sünteetilised materjalid pealsel säilitavad og voolava välimuse, lisades samas mugavust ja vastupidavust… algselt j",Men's Street Shoes,199.00 EUR,,"Nike,Black,Lifestyle,in stock,No,Nike,Male",,,,,,,,199€,
AV3042_100_8_CNF,,Air force 1 flyknit 2.0,http://ballzy.eu/et/product/air-force-1-flyknit-2-0-av3042-100-8-cnf,https://tanelneemoja.github.io/testing-somecool-stuff/generated_ads/ad_AV3042_100_8_CNF_f039d73f.jpg,,"kerge kui õhelegend… nike air force 1 flyknit 2.0, mis on inspireeritud alates 1982. aastast väljakuid valitsevast kingast, toob tagasi af1-i, mis on kergem kui kunagi varem. flyknit-konstruktsioon koos klassikalise af1 disainiliinidega pakub vanakooli korvpallivibuusi, mis on pehmekaaluline… tooteomadused: nike air tehnoloogia pakub suurepärast pehmendust… flyknit konstruktsioon kohandub sinu jalale, pakkudes tuge ja kerget tunnetust… vahtpolster on p",Men's Street Shoes,129.00 EUR,,"Nike,White,Lifestyle,in stock,No,Nike,Male",,,,,,,,129€,
B75806_8_CNF,,Samba og,http://ballzy.eu/et/product/samba-og-b75806-8-cnf,https://tanelneemoja.github.io/testing-somecool-stuff/generated_ads/ad_B75806_8_CNF_067490e2.jpg,,samba on sündinud väljakul ja on tänavastiili ajatu ikoon. need jalatsid jäävad oma pärandile truuks pehme nahast pealse ja mokkade kattekihiga.,Women's Street Shoes,119.00 EUR,,"adidas Originals,White,Lifestyle,in stock,No,adidas Originals,Male|Female",,,,,,,,119€,
B75807_8_CNF,,Samba og,http://ballzy.eu/et/product/samba-og-b75807-8-cnf,https://tanelneemoja.github.io/testing-somecool-stuff/generated_ads/ad_B75807_8_CNF_73c271dc.jpg,,samba on sündinud väljakul ja on tänavastiili ajatu ikoon. need jalatsid jäävad oma pärandile truuks pehme nahast pealse ja mokkade kattekihiga.,Kids' Street Shoes,119.00 EUR,,"adidas Originals,Black,Lifestyle,in stock,No,adidas Originals,Male|Female|Children",,,,,,,,119€,
162050C_001_10_CNF,,Chuck 70 hi,http://ballzy.eu/et/product/chuck-70-hi-162050c-001-10-cnf,https://tanelneemoja.github.io/testing-somecool-stuff/generated_ads/ad_162050C_001_10_CNF_d9c76ec7.jpg,,Spordiriided ballzy veebipoest.,Women's Street Shoes,94.00 EUR,,"Converse,Black,Lifestyle,in stock,No,Converse,Male|Female",,,,,,,,94€,
162058C_001_10_CNF,,Chuck 70 ox,http://ballzy.eu/et/product/chuck-70-ox-162058c-001-10-cnf,https://tanelneemoja.github.io/testing-somecool-stuff/generated_ads/ad_162058C_001_10_CNF_13661d81.jpg,,Spordiriided ballzy veebipoest.,Women's Street Shoes,89.00 EUR,69.00 EUR,"Converse,Black,Lifestyle,in stock,Yes,Converse,Male|Female",,,,,,,,89€,69€
CI0919_100_6_CNF,,W af1 shadow,http://ballzy.eu/et/product/w-af1-shadow-ci0919-100-6-cnf,https://tanelneemoja.github.io/testing-somecool-stuff/generated_ads/ad_CI0919_100_6_CNF_303811c1.jpg,,"duble the af1. double the fun… nike air force 1 shadow paneb klassikalise b-palli disaini mängulisele pöörde. kasutades mitmekihilist lähenemist, kahekordistades brändi ja liialdades kesksooli, rõhutab see af-1 dna-d julge, uue välimusega… toote omadused: 2 silmaalust, 2 porikaitset, 2 tagumist silmaalust ja 2 swoosh´i kujundust, mis tagavad mitmekihilise välimuse ja kahekordse brändi… vahtpolster ja sooneline välistald tagavad, et kinga on kerge, paindlik ja",Women's Street Shoes,149.00 EUR,119.00 EUR,"Nike,White,Lifestyle,in stock,Yes,Nike,Female",,,,,,,,149€,119€
BD7632_7.5_CNF,,Handball spezial,http://ballzy.eu/et/product/handball-spezial-bd7632-7-5-cnf,https://tanelneemoja.github.io/testing-somecool-stuff/generated_ads/ad_BD7632_7.5_CNF_28ad3476.jpg,,"esmakordselt 1979. aastal eliitkäsipallurite jaoks kasutusele võetud kingad on nüüdseks armastatud oma klassikalise stiili tõttu. see versioon on valmistatud lehma mokkast pealsest, mis tagab paindliku tunde. pehme kummist välistald hoiab neid oma vintage-juurtele truuks.",Women's Street Shoes,114.00 EUR,99.00 EUR,"adidas Originals,Blue,Lifestyle,in stock,Yes,adidas Originals,Male|Female",,,,,,,,114€,99€
CW2288_111_8.5_CNF,,Air force 1 ´07,http://ballzy.eu/et/product/air-force-1-07-cw2288-111-8-5-cnf,https://tanelneemoja.github.io/testing-somecool-stuff/generated_ads/ad_CW2288_111_8.5_CNF_87253817.jpg,,"legendaarne stiil refined… sära elab edasi nike air force 1 ´07-s, b-palli og-s, mis paneb värske pöörde sellele, mida tunned kõige paremini: vastupidavad õmblused, puhas viimistlus ja täiuslik kogus välku, mis paneb sind särama… tooteomadused: nike air pehmendus lisab kerget ja kogu päeva kestvat mugavust… madalalt lõigatud siluett lisab puhta ja voolujoonelise välimuse… pehmendusega krae on pehme ja mugav… toote omadused alapealkirjad: pehmend",Men's Street Shoes,129.00 EUR,119.00 EUR,"Nike,White,Lifestyle,in stock,Yes,Nike,Male",,,,,,,,129€,119€
VN000EYEW001_090_CNF,,Ua classic slip-on,http://ballzy.eu/et/product/ua-classic-slip-on-vn000eyew001-090-cnf,https://tanelneemoja.github.io/testing-somecool-stuff/generated_ads/ad_VN000EYEW001_090_CNF_de287aa1.jpg,,Spordiriided ballzy veebipoest.,Women's Street Shoes,69.00 EUR,49.00 EUR,"Vans,White,Lifestyle,in stock,Yes,Vans,Male|Female",,,,,,,,69€,49€
DH2920_111_4Y_CNF,,Air force 1 le gs,http://ballzy.eu/et/product/air-force-1-le-gs-dh2920-111-4y-cnf,https://tanelneemoja.github.io/testing-somecool-stuff/generated_ads/ad_DH2920_111_4Y_CNF_c77279ee.jpg,,"salute to a legendale… sellest ongi legendid tehtud. nike air force 1 le toob tagasi 82. aasta kõvapuu ikooni igapäevaseks stiiliks, mis on täielikult valge või täielikult must. vastupidavus, tunnetus ja air on endiselt olemas neile, kes armastavad klassikalist… toote omadused: ehtne ja sünteetiline nahk on vastupidav ja kergesti puhastatav… varjatud air-põhjaüksus pakub klassikalist pehmendust… kummist tald toob vastupidava haardumise… toote om",Kids' Street Shoes,109.00 EUR,94.00 EUR,"Nike,White,Lifestyle,in stock,Yes,Nike,Female|Children",,,,,,,,109€,94€
CT3839_002_4Y_CNF,,Air force 1 gs,http://ballzy.eu/et/product/air-force-1-gs-ct3839-002-4y-cnf,https://tanelneemoja.github.io/testing-somecool-stuff/generated_ads/ad_CT3839_002_4Y_CNF_b9b9f67b.jpg,,Spordiriided ballzy veebipoest.,Kids' Street Shoes,119.00 EUR,78.00 EUR,"Nike,Black,Lifestyle,in stock,Yes,Nike,Female|Children",,,,,,,,119€,78€
VN000D3HY281_050_CNF,,Ua old skool,http://ballzy.eu/et/product/ua-old-skool-vn000d3hy281-050-cnf,https://tanelneemoja.github.io/testing-somecool-stuff/generated_ads/ad_VN000D3HY281_050_CNF_397cf6c5.jpg,,Spordiriided ballzy veebipoest.,Women's Street Shoes,79.00 EUR,69.00 EUR,"Vans,Black,Lifestyle,in stock,Yes,Vans,Male|Female",,,,,,,,79€,69€
VN000EYEBWW1_040_CNF,,Ua classic slip-on,http://ballzy.eu/et/product/ua-classic-slip-on-vn000eyebww1-040-cnf,https://tanelneemoja.github.io/testing-somecool-stuff/generated_ads/ad_VN000EYEBWW1_040_CNF_cc258f1a.jpg,,Spordiriided ballzy veebipoest.,Women's Street Shoes,69.00 EUR,49.00 EUR,"Vans,Multicolored,Lifestyle,in stock,Yes,Vans,Male|Female",,,,,,,,69€,49€
VN0A5I111KP1_090_CNF,,Ua sk8-hi gore-tex mte-3,http://ballzy.eu/et/product/ua-sk8-hi-gore-tex-mte-3-vn0a5i111kp1-090-cnf,https://tanelneemoja.github.io/testing-somecool-stuff/generated_ads/ad_VN0A5I111KP1_090_CNF_1a028649.jpg,,Spordiriided ballzy veebipoest.,Men's Boots,199.00 EUR,99.00 EUR,"Vans,Black,Lifestyle,in stock,Yes,Vans,Male",,,,,,,,199€,99€
DH8010_100_6_CNF,,Wmns air max 90,http://ballzy.eu/et/product/wmns-air-max-90-dh8010-100-6-cnf,https://tanelneemoja.github.io/testing-somecool-stuff/generated_ads/ad_DH8010_100_6_CNF_0e09ffda.jpg,,"miski pole nii lennukas, miski pole nii mugav, miski pole nii tõestatud - nike air max 90 jääb oma juurtele truuks koos ikoonilise waffle-talla, õmmeldud pealisehete ja klassikaliste tpu-aktsentidega. värsked detailid annavad moodsa välimuse, samas kui max airi pehmendus lisab mugavust teie teekonnale… toote omadused: algselt jooksmiseks loodud max air üksus kannas lisab uskumatut pehmendust… polsterdatud, madala tipuga krae näeb välja elegantne ja tundub suurepäran",Women's Street Shoes,169.00 EUR,79.00 EUR,"Nike,White,Lifestyle,in stock,Yes,Nike,Female",,,,,,,,169€,79€
VN000D3HBKA1_130_CNF,,Ua old skool,http://ballzy.eu/et/product/ua-old-skool-vn000d3hbka1-130-cnf,https://tanelneemoja.github.io/testing-somecool-stuff/generated_ads/ad_VN000D3HBKA1_130_CNF_b13a146e.jpg,,Spordiriided ballzy veebipoest.,Women's Street Shoes,84.00 EUR,69.00 EUR,"Vans,Black,Lifestyle,in stock,Yes,Vans,Male|Female",,,,,,,,84€,69€
162056C_102_10_CNF,,Chuck 70 hi,http://ballzy.eu/et/product/chuck-70-hi-162056c-102-10-cnf,https://tanelneemoja.github.io/testing-somecool-stuff/generated_ads/ad_162056C_102_10_CNF_6a26dfae.jpg,,Spordiriided ballzy veebipoest.,Kids' Street Shoes,99.00 EUR,69.00 EUR,"Converse,White,Lifestyle,in stock,Yes,Converse,Male|Female|Children",,,,,,,,99€,69€
S2108_807_3.5_CNF,,Shadow original,http://ballzy.eu/et/product/shadow-original-s2108-807-3-5-cnf,https://tanelneemoja.github.io/testing-somecool-stuff/generated_ads/ad_S2108_807_3.5_CNF_749c3a3b.jpg,,Spordiriided ballzy veebipoest.,Kids' Street Shoes,129.00 EUR,89.00 EUR,"Saucony,Beež,Lifestyle,in stock,Yes,Saucony,Male|Female|Children",,,,,,,,129€,89€
S2044_642_3.5_CNF,,Jazz original,http://ballzy.eu/et/product/jazz-original-s2044-642-3-5-cnf,https://tanelneemoja.github.io/testing-somecool-stuff/generated_ads/ad_S2044_642_3.5_CNF_c30c0c47.jpg,,Spordiriided ballzy veebipoest.,Women's Street Shoes,119.00 EUR,79.00 EUR,"Saucony,Gray,Lifestyle,in stock,Yes,Saucony,Female",,,,,,,,119€,79€
DB3021_11.5_CNF,,Handball spezial,http://ballzy.eu/et/product/handball-spezial-db3021-11-5-cnf,https://tanelneemoja.github.io/testing-somecool-stuff/generated_ads/ad_DB3021_11.5_CNF_e749636c.jpg,,"esmakordselt 1979. aastal eliitkäsipallurite jaoks kasutusele võetud kingad on nüüdseks armastatud oma klassikalise stiili tõttu. see versioon on valmistatud lehma mokkast pealsest, mis tagab paindliku tunde. pehme kummist välistald hoiab neid oma vintage-juurtele truuks.",Men's Street Shoes,114.00 EUR,,"adidas Originals,Black,Lifestyle,in stock,No,adidas Originals,Male",,,,,,,,114€,
DM9650_001_4Y_CNF,,Air jordan 1 mid ss gs,http://ballzy.eu/et/product/air-jordan-1-mid-ss-gs-dm9650-001-4y-cnf,https://tanelneemoja.github.io/testing-somecool-stuff/generated_ads/ad_DM9650_001_4Y_CNF_97a6718c.jpg,,Spordiriided ballzy veebipoest.,Kids' Street Shoes,109.00 EUR,71.00 EUR,"Jordan,Red,Lifestyle,in stock,Yes,Jordan,Female|Children",,,,,,,,109€,71€
DM0211_100_8_CNF,,Air force 1 ´07 fresh,http://ballzy.eu/et/product/air-force-1-07-fresh-dm0211-100-8-cnf,https://tanelneemoja.github.io/testing-somecool-stuff/generated_ads/ad_DM0211_100_8_CNF_4bfd5287.jpg,,"legendaarne stiil muutub värskeks… vananemist ei saa peatada, kuid air force 1 ""fresh"" jõuab sellele üsna lähedale. pehme, tekstuurne nahk aitab varjata kortsumist ja seda on lihtne puhastada. debossitud kaubamärgiga, mis asendab kootud sildid, paarib lisapaelad, nii et saate rahulikult seda marmelaadifunkrit süüa. ja perforeeritud sokkpolster hoiab selle õhulisuse ja hingavuse. nüüd ei ole tõesti mingit põhjust, miks mitte rokkida valgeid valgeid… tooteomadused: pe",Men's Street Shoes,134.00 EUR,,"Nike,White,Lifestyle,in stock,No,Nike,Male",,,,,,,,134€,
S1044_661_5_CNF,,Jazz original,http://ballzy.eu/et/product/jazz-original-s1044-661-5-cnf,https://tanelneemoja.github.io/testing-somecool-stuff/generated_ads/ad_S1044_661_5_CNF_92e36cb9.jpg,,Spordiriided ballzy veebipoest.,Women's Street Shoes,119.00 EUR,79.00 EUR,"Saucony,Gray,Lifestyle,in stock,Yes,Saucony,Female",,,,,,,,119€,79€
S1044_662_5_CNF,,Jazz original,http://ballzy.eu/et/product/jazz-original-s1044-662-5-cnf,https://tanelneemoja.github.io/testing-somecool-stuff/generated_ads/ad_S1044_662_5_CNF_cd969942.jpg,,Spordiriided ballzy veebipoest.,Women's Street Shoes,119.00 EUR,79.00 EUR,"Saucony,Beež,Lifestyle,in stock,Yes,Saucony,Female",,,,,,,,119€,79€
S2108_822_3.5_CNF,,Shadow original,http://ballzy.eu/et/product/shadow-original-s2108-822-3-5-cnf,https://tanelneemoja.github.io/testing-somecool-stuff/generated_ads/ad_S2108_822_3.5_CNF_3439b7f1.jpg,,Spordiriided ballzy veebipoest.,Kids' Street Shoes,134.00 EUR,89.00 EUR,"Saucony,Gray,Lifestyle,in stock,Yes,Saucony,Male|Female|Children",,,,,,,,134€,89€
MR530SG_8_CNF,,New balance 530,http://ballzy.eu/et/product/new-balance-530-mr530sg-8-cnf,https://tanelneemoja.github.io/testing-somecool-stuff/generated_ads/ad_MR530SG_8_CNF_d995976d.jpg,,Spordiriided ballzy veebipoest.,Women's Street Shoes,119.00 EUR,,"New Balance,White,Lifestyle,in stock,No,New Balance,Male|Female",,,,,,,,119€,
DH2925_111_10.5C_CNF,,Force 1 le ps,http://ballzy.eu/et/product/force-1-le-ps-dh2925-111-10-5c-cnf,https://tanelneemoja.github.io/testing-somecool-stuff/generated_ads/ad_DH2925_111_10.5C_CNF_5d064fc3.jpg,,"salute to a legendale… sellest ongi legendid tehtud. nike force 1 le toob tagasi 82. aasta kõvapuu ikooni igapäevaseks stiiliks, mis on kas täielikult valge või täielikult must. lase vastupidavusel, pehmendusel ja tunnetusel tutvustada väikestele jalgadele klassikalist… toote omadused: ehtne ja sünteetiline nahk on vastupidav ja kergesti puhastatav… pehme vaht annab klassikalise pehmenduse… kummist tald toob vastupidava haardumise… toote omadust",Kids' Street Shoes,79.00 EUR,59.00 EUR,"Nike,White,Lifestyle,in stock,Yes,Nike,Children",,,,,,,,79€,59€
A00915C_281_10_CNF,,Chuck 70 plus hi egret/black/egret,http://ballzy.eu/et/product/chuck-70-plus-hi-egret-black-egret-a00915c-281-10-cnf,https://tanelneemoja.github.io/testing-somecool-stuff/generated_ads/ad_A00915C_281_10_CNF_b0ba8616.jpg,,Spordiriided ballzy veebipoest.,Kids' Street Shoes,119.00 EUR,79.00 EUR,"Converse,Beež,Lifestyle,in stock,Yes,Converse,Male|Female|Children",,,,,,,,119€,79€
VN0A5HZYA041_085_CNF,,Ua sk8-hi mte-1,http://ballzy.eu/et/product/ua-sk8-hi-mte-1-vn0a5hzya041-085-cnf,https://tanelneemoja.github.io/testing-somecool-stuff/generated_ads/ad_VN0A5HZYA041_085_CNF_4820939f.jpg,,Spordiriided ballzy veebipoest.,Women's Street Shoes,124.00 EUR,49.00 EUR,"Vans,Black,Lifestyle,in stock,Yes,Vans,Female",,,,,,,,124€,49€
DD1399_105_6_CNF,,Nike dunk hi retro,http://ballzy.eu/et/product/nike-dunk-hi-retro-dd1399-105-6-cnf,https://tanelneemoja.github.io/testing-somecool-stuff/generated_ads/ad_DD1399_105_6_CNF_59f41d49.jpg,,"bringing old school back… 80ndate b-ball ikoon on loodud kõvaplatsile, kuid viidud tänavatele, '80ndate b-ball ikoon naaseb ideaalselt kaetud kattekihiga ja originaalsete ülikooli värvidega. nike dunk high retro klassikalise korvpalli disainiga toob 80ndate vintage´i tagasi tänavale, samas kui selle polsterdatud kõrge krae lisab vanakooli välimuse, mis põhineb mugavusel… toote omadused: pealse karge nahk on kergelt läikiv, vananeb pehmeks ja sellel on vastupidavad k",Kids' Street Shoes,149.00 EUR,97.00 EUR,"Nike,Black,Lifestyle,in stock,Yes,Nike,Male|Female|Children",,,,,,,,149€,97€
S70699_1_7_CNF,,3d grid hurricane,http://ballzy.eu/et/product/3d-grid-hurricane-s70699-1-7-cnf,https://tanelneemoja.github.io/testing-somecool-stuff/generated_ads/ad_S70699_1_7_CNF_67ba114f.jpg,,Spordiriided ballzy veebipoest.,Kids' Street Shoes,174.00 EUR,109.00 EUR,"Saucony,White,Lifestyle,in stock,Yes,Saucony,Male|Female|Children",,,,,,,,174€,109€
S70699_2_7_CNF,,3d grid hurricane,http://ballzy.eu/et/product/3d-grid-hurricane-s70699-2-7-cnf,https://tanelneemoja.github.io/testing-somecool-stuff/generated_ads/ad_S70699_2_7_CNF_61ab9ab2.jpg,,Spordiriided ballzy veebipoest.,Kids' Street Shoes,174.00 EUR,109.00 EUR,"Saucony,Black,Lifestyle,in stock,Yes,Saucony,Male|Female|Children",,,,,,,,174€,109€
TB0A5RPR0321_9.5_CNF,,Greyfield leather boot,http://ballzy.eu/et/product/greyfield-leather-boot-tb0a5rpr0321-9-5-cnf,https://tanelneemoja.github.io/testing-somecool-stuff/generated_ads/ad_TB0A5RPR0321_9.5_CNF_917e70c0.jpg,,"See naiste nahast saabas järgib töökohal inspireeritud disaini kaasaegsete omadustega. koos kvaliteetse timberland® nahast pealse ja vähemalt 50% taaskasutatud plastikust rebotl™ kangaga voodriga, sisaldab see saabas ka kummist talla osasid, mis teeb need vastupidavaks ja võimeliseks erinevatele maastikele. pealis valmistatud kvaliteetsest timberland® nubuk nahast timberland toetab vastutustundlikku nahatootmist leather working groupi kaudu rebotl™ kangast voode",Women's Boots,139.00 EUR,111.20 EUR,"Timberland,Gray,Lifestyle,in stock,Yes,Timberland,Female",,,,,,,,139€,111.20€
TB08658A0011_9.5_CNF,,6in premium boot - w,http://ballzy.eu/et/product/6in-premium-boot-w-tb08658a0011-9-5-cnf,https://tanelneemoja.github.io/testing-somecool-stuff/generated_ads/ad_TB08658A0011_9.5_CNF_e9789f12.jpg,,"Vastupidavad ja suurepärase väljanägemisega klassikalised naiste saapad on varustatud primaloft® eco isolatsiooniga ja nubuck better leather nahaga, mis pärineb jätkusuutlikust hõbedase hinnanguga naha parkimistehasest. mugav eva tallaosa tagab pehmenduse ja põrutuse summutamise. valmistatud kvaliteetsest nubuk better leather nahast, mis pärineb jätkusuutlikust naha parkimis tehasest, millele on omistatud hõbe hinnang veekasutuse, energiakasutuse ja jäätmemajanduse tõhususe eest.",Women's Boots,219.00 EUR,175.20 EUR,"Timberland,Black,Lifestyle,in stock,Yes,Timberland,Female",,,,,,,,219€,175.20€
MR530EMA_4_CNF,,New balance 530,http://ballzy.eu/et/product/new-balance-530-mr530ema-4-cnf,https://tanelneemoja.github.io/testing-somecool-stuff/generated_ads/ad_MR530EMA_4_CNF_eeef031b.jpg,,Spordiriided ballzy veebipoest.,Kids' Street Shoes,114.00 EUR,,"New Balance,White,Lifestyle,in stock,No,New Balance,Male|Female|Children",,,,,,,,114€,
TB0A5MC42311_6_CNF,,6in hertbt cupsole,http://ballzy.eu/et/product/6in-hertbt-cupsole-tb0a5mc42311-6-cnf,https://tanelneemoja.github.io/testing-somecool-stuff/generated_ads/ad_TB0A5MC42311_6_CNF_ac7c526e.jpg,,Spordiriided ballzy veebipoest.,Women's Boots,209.00 EUR,99.00 EUR,"Timberland,Multicolored,Lifestyle,in stock,Yes,Timberland,Female",,,,,,,,209€,99€
S70716_1_5.5_CNF,,Shadow 5000,http://ballzy.eu/et/product/shadow-5000-s70716-1-5-5-cnf,https://tanelneemoja.github.io/testing-somecool-stuff/generated_ads/ad_S70716_1_5.5_CNF_1d3ae055.jpg,,Spordiriided ballzy veebipoest.,Men's Street Shoes,159.00 EUR,109.00 EUR,"Saucony,Beež,Lifestyle,in stock,Yes,Saucony,Male",,,,,,,,159€,109€
VN0005V4BLK1_085_CNF,,Skate half cab ´92 goretex,http://ballzy.eu/et/product/skate-half-cab-92-goretex-vn0005v4blk1-085-cnf,https://tanelneemoja.github.io/testing-somecool-stuff/generated_ads/ad_VN0005V4BLK1_085_CNF_24bec539.jpg,,Spordiriided ballzy veebipoest.,Men's Street Shoes,144.00 EUR,79.00 EUR,"Vans,Black,Lifestyle,in stock,Yes,Vans,Male",,,,,,,,144€,79€
S70704_1_7_CNF,,Progrid triumph 4,http://ballzy.eu/et/product/progrid-triumph-4-s70704-1-7-cnf,https://tanelneemoja.github.io/testing-somecool-stuff/generated_ads/ad_S70704_1_7_CNF_51a7881d.jpg,,Spordiriided ballzy veebipoest.,Kids' Street Shoes,179.00 EUR,129.00 EUR,"Saucony,Yellow,Lifestyle,in stock,Yes,Saucony,Male|Female|Children",,,,,,,,179€,129€
S70706_1_7_CNF,,Shadow 6000,http://ballzy.eu/et/product/shadow-6000-s70706-1-7-cnf,https://tanelneemoja.github.io/testing-somecool-stuff/generated_ads/ad_S70706_1_7_CNF_ab2deef0.jpg,,Spordiriided ballzy veebipoest.,Kids' Street Shoes,179.00 EUR,119.00 EUR,"Saucony,Beež,Lifestyle,in stock,Yes,Saucony,Male|Female|Children",,,,,,,,179€,119€
S70714_1_5_CNF,,Grid azura 2000,http://ballzy.eu/et/product/grid-azura-2000-s70714-1-5-cnf,https://tanelneemoja.github.io/testing-somecool-stuff/generated_ads/ad_S70714_1_5_CNF_7b0b6371.jpg,,Spordiriided ballzy veebipoest.,Women's Street Shoes,189.00 EUR,119.00 EUR,"Saucony,Beež,Lifestyle,in stock,Yes,Saucony,Female",,,,,,,,189€,119€
S70714_3_7_CNF,,Grid azura 2000,http://ballzy.eu/et/product/grid-azura-2000-s70714-3-7-cnf,https://tanelneemoja.github.io/testing-somecool-stuff/generated_ads/ad_S70714_3_7_CNF_d331f502.jpg,,Spordiriided ballzy veebipoest.,Kids' Street Shoes,189.00 EUR,119.00 EUR,"Saucony,Green,Lifestyle,in stock,Yes,Saucony,Male|Female|Children",,,,,,,,189€,119€
M2002RST_07_CNF,,New balance 2002r,http://ballzy.eu/et/product/new-balance-2002r-m2002rst-07-cnf,https://tanelneemoja.github.io/testing-somecool-stuff/generated_ads/ad_M2002RST_07_CNF_fcb56216.jpg,,Spordiriided ballzy veebipoest.,Men's Street Shoes,159.00 EUR,127.00 EUR,"New Balance,Gray,Lifestyle,in stock,Yes,New Balance,Male",,,,,,,,159€,127€
M2002RBK_07_CNF,,New balance 2002r,http://ballzy.eu/et/product/new-balance-2002r-m2002rbk-07-cnf,https://tanelneemoja.github.io/testing-somecool-stuff/generated_ads/ad_M2002RBK_07_CNF_dc7dad7e.jpg,,Spordiriided ballzy veebipoest.,Women's Street Shoes,149.00 EUR,74.00 EUR,"New Balance,Black,Lifestyle,in stock,Yes,New Balance,Male|Female",,,,,,,,149€,74€
BB650RBR_D_8_CNF,,New balance 650,http://ballzy.eu/et/product/new-balance-650-bb650rbr-d-8-cnf,https://tanelneemoja.github.io/testing-somecool-stuff/generated_ads/ad_BB650RBR_D_8_CNF_f268a7a6.jpg,,Spordiriided ballzy veebipoest.,Kids' Street Shoes,179.00 EUR,79.00 EUR,"New Balance,Red,Lifestyle,in stock,Yes,New Balance,Male|Female|Children",,,,,,,,179€,79€
MR530AA_8_CNF,,New balance 530,http://ballzy.eu/et/product/new-balance-530-mr530aa-8-cnf,https://tanelneemoja.github.io/testing-somecool-stuff/generated_ads/ad_MR530AA_8_CNF_79d01c84.jpg,,Spordiriided ballzy veebipoest.,Women's Street Shoes,124.00 EUR,79.00 EUR,"New Balance,Gray,Lifestyle,in stock,Yes,New Balance,Male|Female",,,,,,,,124€,79€
DD1869_103_6_CNF,,W nike dunk high,http://ballzy.eu/et/product/w-nike-dunk-high-dd1869-103-6-cnf,https://tanelneemoja.github.io/testing-somecool-stuff/generated_ads/ad_DD1869_103_6_CNF_f804aefd.jpg,,"bringing old school back… 80ndate b-palli ikoon, mis on loodud kõvale kõnniteele, kuid viidud tänavatele, naaseb karge naha ja retrohõnguliste värvidega. klassikaline rõngaste disain suunab '80ndate vintage´i tagasi tänavatele, samal ajal kui polsterdatud, kõrge krae lisab vanakooli välimuse, mis on juurdunud mugavuse… toote omadused: karge nahk pealsel vananeb pehmeks täiuslikkuseks ja sellel on '80ndate b-ball´i meenutavad vastupidavad katted… vahtpolster p",Women's Street Shoes,134.00 EUR,88.00 EUR,"Nike,Black,Lifestyle,in stock,Yes,Nike,Female",,,,,,,,134€,88€
U9060GRY_8_CNF,,New balance 9060,http://ballzy.eu/et/product/new-balance-9060-u9060gry-8-cnf,https://tanelneemoja.github.io/testing-somecool-stuff/generated_ads/ad_U9060GRY_8_CNF_910f3d10.jpg,,Spordiriided ballzy veebipoest.,Men's Street Shoes,189.00 EUR,,"New Balance,Gray,Lifestyle,in stock,No,New Balance,Male",,,,,,,,189€,
DD1873_102_6_CNF,,W nike dunk low next nature,http://ballzy.eu/et/product/w-nike-dunk-low-next-nature-dd1873-102-6-cnf,https://tanelneemoja.github.io/testing-somecool-stuff/generated_ads/ad_DD1873_102_6_CNF_e56b20f1.jpg,,"see on loodud kõva puidu jaoks, kuid viidud tänavale, '80ndate ikoon naaseb, et lasta sul teha head, nähes hea välja. nüüd valmistatud vähemalt 20% ulatuses taaskasutatud materjalidest, värskendasime klassikat, mis säilitab algse terviklikkuse, kuid mille mõju on minimaalne. sünteetilisest nahast valmistatud dunk low suunab tänavale vintage-pallurite stiili ja lihtsa eluviisi… toote omadused: sunburst-sümbol esindab 1 väikest sammu meie teekonnal move to zero… karge",Women's Street Shoes,149.00 EUR,99.00 EUR,"Nike,Black,Lifestyle,in stock,Yes,Nike,Female",,,,,,,,149€,99€
805899_202_8.5_CNF,,Lunar force 1 duckboot,http://ballzy.eu/et/product/lunar-force-1-duckboot-805899-202-8-5-cnf,https://tanelneemoja.github.io/testing-somecool-stuff/generated_ads/ad_805899_202_8.5_CNF_b60b74ec.jpg,,Spordiriided ballzy veebipoest.,Men's Boots,219.00 EUR,175.20 EUR,"Nike,Pruun,Lifestyle,in stock,Yes,Nike,Male",,,,,,,,219€,175.20€
BS7685_6.5_CNF,,Club c 85,http://ballzy.eu/et/product/club-c-85-bs7685-6-5-cnf,https://tanelneemoja.github.io/testing-somecool-stuff/generated_ads/ad_BS7685_6.5_CNF_0de2abbe.jpg,,Spordiriided ballzy veebipoest.,Women's Street Shoes,74.00 EUR,49.00 EUR,"Reebok,White,Lifestyle,in stock,Yes,Reebok,Female",,,,,,,,74€,49€
VN0A3JEXPU11_050_CNF,,Ua classic slip-on 98 dx anaheim factory,http://ballzy.eu/et/product/ua-classic-slip-on-98-dx-anaheim-factory-vn0a3jexpu11-050-cnf,https://tanelneemoja.github.io/testing-somecool-stuff/generated_ads/ad_VN0A3JEXPU11_050_CNF_4035f1ec.jpg,,Spordiriided ballzy veebipoest.,Women's Street Shoes,89.00 EUR,39.00 EUR,"Vans,Multicolored,Lifestyle,in stock,Yes,Vans,Male|Female",,,,,,,,89€,39€
38441201_4_CNF,,Mayze stack lthr wns,http://ballzy.eu/et/product/mayze-stack-lthr-wns-38441201-4-cnf,https://tanelneemoja.github.io/testing-somecool-stuff/generated_ads/ad_38441201_4_CNF_f74cda5d.jpg,,Spordiriided ballzy veebipoest.,Women's Street Shoes,119.00 EUR,59.00 EUR,"Puma,White,Lifestyle,in stock,Yes,Puma,Female",,,,,,,,119€,59€
HQ8708_8_CNF,,Campus 00s,http://ballzy.eu/et/product/campus-00s-hq8708-8-cnf,https://tanelneemoja.github.io/testing-somecool-stuff/generated_ads/ad_HQ8708_8_CNF_92ba3f1d.jpg,,"kuigi adidas campus´i kingad debüteerisid kõvaplatsil, võeti need kiiresti kasutusele ka mujal. selle paari puhul liigutame ikoonilist siluetti teises suunas ning lisame sellele kaasaegseid materjale, värve ja proportsioone. need on tehtud esmaklassilise nahast pealsega, mis on vooderdatud pehme froteekangaga, kusjuures kõik see on paigutatud naturaalvalge vahepealse peale - selge ühendus campus´i pärandiga.",Women's Street Shoes,119.00 EUR,99.00 EUR,"adidas Originals,Black,Lifestyle,in stock,Yes,adidas Originals,Male|Female",,,,,,,,119€,99€
VN0A4BXBBKP1_090_CNF,,Ua ultrarange vr3,http://ballzy.eu/et/product/ua-ultrarange-vr3-vn0a4bxbbkp1-090-cnf,https://tanelneemoja.github.io/testing-somecool-stuff/generated_ads/ad_VN0A4BXBBKP1_090_CNF_ecb4efa5.jpg,,Spordiriided ballzy veebipoest.,Men's Street Shoes,134.00 EUR,59.00 EUR,"Vans,Gray,Lifestyle,in stock,Yes,Vans,Male",,,,,,,,134€,59€
DD1391_100_9_CNF,,Nike dunk low retro,http://ballzy.eu/et/product/nike-dunk-low-retro-dd1391-100-9-cnf,https://tanelneemoja.github.io/testing-somecool-stuff/generated_ads/ad_DD1391_100_9_CNF_a929a108.jpg,,"true to your crew… nike dunk low retro, mis on loodud kõvaplatsile, kuid viidud tänavatele, naaseb teravate kattematerjalide ja originaalsete meeskonnavärvidega. see korvpalli ikoon kanaliseerib '80ndate vibratsiooni kõrgekvaliteedilise nahaga pealses, mis näeb hea välja ja murdub veelgi paremini. kaasaegne jalatsitehnoloogia aitab tuua mugavuse 21. sajandisse… toote omadused: premium nahk pealses on täiusliku läikega ja murdub ilusti sisse… kaasaegne vahtpol",Men's Street Shoes,129.00 EUR,99.00 EUR,"Nike,Black,Lifestyle,in stock,Yes,Nike,Male",,,,,,,,129€,99€
30823358_070_CNF,,Tarik,http://ballzy.eu/et/product/tarik-30823358-070-cnf,https://tanelneemoja.github.io/testing-somecool-stuff/generated_ads/ad_30823358_070_CNF_749c6d39.jpg,,Spordiriided ballzy veebipoest.,Men's Boots,169.00 EUR,89.00 EUR,"Dr. Martens,Green,Lifestyle,in stock,Yes,Dr. Martens,Male",,,,,,,,169€,89€
30851308_040_CNF,,Combs w,http://ballzy.eu/et/product/combs-w-30851308-040-cnf,https://tanelneemoja.github.io/testing-somecool-stuff/generated_ads/ad_30851308_040_CNF_4ce7900e.jpg,,Spordiriided ballzy veebipoest.,Women's Boots,159.00 EUR,79.00 EUR,"Dr. Martens,Purple,Lifestyle,in stock,Yes,Dr. Martens,Female",,,,,,,,159€,79€
30851329_040_CNF,,Combs w,http://ballzy.eu/et/product/combs-w-30851329-040-cnf,https://tanelneemoja.github.io/testing-somecool-stuff/generated_ads/ad_30851329_040_CNF_9ab5c76f.jpg,,Spordiriided ballzy veebipoest.,Women's Boots,159.00 EUR,79.00 EUR,"Dr. Martens,Beež,Lifestyle,in stock,Yes,Dr. Martens,Female",,,,,,,,159€,79€
26002001_080_CNF,,Embury,http://ballzy.eu/et/product/embury-26002001-080-cnf,https://tanelneemoja.github.io/testing-somecool-stuff/generated_ads/ad_26002001_080_CNF_aee6f4c5.jpg,,Spordiriided ballzy veebipoest.,Women's Boots,169.00 EUR,135.20 EUR,"Dr. Martens,Black,Lifestyle,in stock,Yes,Dr. Martens,Male|Female",,,,,,,,169€,135.20€
30868001_070_CNF,,Jorge ii,http://ballzy.eu/et/product/jorge-ii-30868001-070-cnf,https://tanelneemoja.github.io/testing-somecool-stuff/generated_ads/ad_30868001_070_CNF_83671c0a.jpg,,Spordiriided ballzy veebipoest.,Men's Street Shoes,159.00 EUR,69.00 EUR,"Dr. Martens,Black,Lifestyle,in stock,Yes,Dr. Martens,Male",,,,,,,,159€,69€
PH327CGW_1_CNF,,New balance 327 k,http://ballzy.eu/et/product/new-balance-327-k-ph327cgw-1-cnf,https://tanelneemoja.github.io/testing-somecool-stuff/generated_ads/ad_PH327CGW_1_CNF_4eb1d063.jpg,,Spordiriided ballzy veebipoest.,Kids' Street Shoes,69.00 EUR,34.00 EUR,"New Balance,Gray,Lifestyle,in stock,Yes,New Balance,Children",,,,,,,,69€,34€
30822001_070_CNF,,Pearson ii,http://ballzy.eu/et/product/pearson-ii-30822001-070-cnf,https://tanelneemoja.github.io/testing-somecool-stuff/generated_ads/ad_30822001_070_CNF_eb702feb.jpg,,Spordiriided ballzy veebipoest.,Men's Street Shoes,139.00 EUR,74.00 EUR,"Dr. Martens,Black,Lifestyle,in stock,Yes,Dr. Martens,Male",,,,,,,,139€,74€
30822538_070_CNF,,Pearson ii,http://ballzy.eu/et/product/pearson-ii-30822538-070-cnf,https://tanelneemoja.github.io/testing-somecool-stuff/generated_ads/ad_30822538_070_CNF_8e7854b2.jpg,,Spordiriided ballzy veebipoest.,Men's Street Shoes,139.00 EUR,74.00 EUR,"Dr. Martens,Green,Lifestyle,in stock,Yes,Dr. Martens,Male",,,,,,,,139€,74€
30823292_070_CNF,,Tarik,http://ballzy.eu/et/product/tarik-30823292-070-cnf,https://tanelneemoja.github.io/testing-somecool-stuff/generated_ads/ad_30823292_070_CNF_e85adb04.jpg,,Spordiriided ballzy veebipoest.,Men's Boots,169.00 EUR,99.00 EUR,"Dr. Martens,Beež,Lifestyle,in stock,Yes,Dr. Martens,Male",,,,,,,,169€,99€
30835053_070_CNF,,Forster mid,http://ballzy.eu/et/product/forster-mid-30835053-070-cnf,https://tanelneemoja.github.io/testing-somecool-stuff/generated_ads/ad_30835053_070_CNF_697b9df3.jpg,,Spordiriided ballzy veebipoest.,Men's Street Shoes,119.00 EUR,69.00 EUR,"Dr. Martens,Gray,Lifestyle,in stock,Yes,Dr. Martens,Male",,,,,,,,119€,69€
30852001_070_CNF,,Ayce,http://ballzy.eu/et/product/ayce-30852001-070-cnf,https://tanelneemoja.github.io/testing-somecool-stuff/generated_ads/ad_30852001_070_CNF_65053f87.jpg,,Spordiriided ballzy veebipoest.,Men's Street Shoes,119.00 EUR,60.00 EUR,"Dr. Martens,Black,Lifestyle,in stock,Yes,Dr. Martens,Male",,,,,,,,119€,60€
30852538_070_CNF,,Ayce,http://ballzy.eu/et/product/ayce-30852538-070-cnf,https://tanelneemoja.github.io/testing-somecool-stuff/generated_ads/ad_30852538_070_CNF_8be317a7.jpg,,Spordiriided ballzy veebipoest.,Men's Street Shoes,119.00 EUR,60.00 EUR,"Dr. Martens,Green,Lifestyle,in stock,Yes,Dr. Martens,Male",,,,,,,,119€,60€
S1044_677_6_CNF,,Jazz original,http://ballzy.eu/et/product/jazz-original-s1044-677-6-cnf,https://tanelneemoja.github.io/testing-somecool-stuff/generated_ads/ad_S1044_677_6_CNF_c5f3e5b0.jpg,,Spordiriided ballzy veebipoest.,Women's Street Shoes,120.00 EUR,79.00 EUR,"Saucony,Blue,Lifestyle,in stock,Yes,Saucony,Female",,,,,,,,120€,79€
S1108_840_6_CNF,,Shadow original,http://ballzy.eu/et/product/shadow-original-s1108-840-6-cnf,https://tanelneemoja.github.io/testing-somecool-stuff/generated_ads/ad_S1108_840_6_CNF_23b76078.jpg,,Spordiriided ballzy veebipoest.,Women's Street Shoes,139.00 EUR,89.00 EUR,"Saucony,Purple,Lifestyle,in stock,Yes,Saucony,Female",,,,,,,,139€,89€
S70670_6_8.5_CNF,,3d grid hurricane,http://ballzy.eu/et/product/3d-grid-hurricane-s70670-6-8-5-cnf,https://tanelneemoja.github.io/testing-somecool-stuff/generated_ads/ad_S70670_6_8.5_CNF_b21f5d3a.jpg,,Spordiriided ballzy veebipoest.,Men's Street Shoes,159.00 EUR,119.00 EUR,"Saucony,Gray,Lifestyle,in stock,Yes,Saucony,Male",,,,,,,,159€,119€
S70704_5_8_CNF,,Progrid triumph 4,http://ballzy.eu/et/product/progrid-triumph-4-s70704-5-8-cnf,https://tanelneemoja.github.io/testing-somecool-stuff/generated_ads/ad_S70704_5_8_CNF_1732f251.jpg,,Spordiriided ballzy veebipoest.,Men's Street Shoes,169.00 EUR,119.00 EUR,"Saucony,Black,Lifestyle,in stock,Yes,Saucony,Male",,,,,,,,169€,119€
VN0A5FCCG0E1_095_CNF,,Mn skate sk8-hi,http://ballzy.eu/et/product/mn-skate-sk8-hi-vn0a5fccg0e1-095-cnf,https://tanelneemoja.github.io/testing-somecool-stuff/generated_ads/ad_VN0A5FCCG0E1_095_CNF_cd5912d1.jpg,,Spordiriided ballzy veebipoest.,Men's Street Shoes,109.00 EUR,44.00 EUR,"Vans,Blue,Lifestyle,in stock,Yes,Vans,Male",,,,,,,,109€,44€
DH8016_001_6_CNF,,W air max 97 nn,http://ballzy.eu/et/product/w-air-max-97-nn-dh8016-001-6-cnf,https://tanelneemoja.github.io/testing-somecool-stuff/generated_ads/ad_DH8016_001_6_CNF_872e558c.jpg,,Spordiriided ballzy veebipoest.,Women's Street Shoes,209.00 EUR,136.00 EUR,"Nike,Black,Lifestyle,in stock,Yes,Nike,Female",,,,,,,,209€,136€
DH8016_100_6_CNF,,Wmns air max 97,http://ballzy.eu/et/product/wmns-air-max-97-dh8016-100-6-cnf,https://tanelneemoja.github.io/testing-somecool-stuff/generated_ads/ad_DH8016_100_6_CNF_89db0440.jpg,,Spordiriided ballzy veebipoest.,Women's Street Shoes,229.00 EUR,149.00 EUR,"Nike,White,Lifestyle,in stock,Yes,Nike,Female",,,,,,,,229€,149€
1201A844_100_5_CNF,,Gel-1130,http://ballzy.eu/et/product/gel-1130-1201a844-100-5-cnf,https://tanelneemoja.github.io/testing-somecool-stuff/generated_ads/ad_1201A844_100_5_CNF_168535ca.jpg,,Spordiriided ballzy veebipoest.,Women's Street Shoes,129.00 EUR,69.00 EUR,"Asics,Gray,Lifestyle,in stock,Yes,Asics,Female",,,,,,,,129€,69€
171327C_001_10_CNF,,One star pro ox,http://ballzy.eu/et/product/one-star-pro-ox-171327c-001-10-cnf,https://tanelneemoja.github.io/testing-somecool-stuff/generated_ads/ad_171327C_001_10_CNF_9115eb5a.jpg,,Spordiriided ballzy veebipoest.,Women's Street Shoes,89.00 EUR,39.00 EUR,"Converse,Black,Lifestyle,in stock,Yes,Converse,Male|Female",,,,,,,,89€,39€
30820292_070_CNF,,Dante,http://ballzy.eu/et/product/dante-30820292-070-cnf,https://tanelneemoja.github.io/testing-somecool-stuff/generated_ads/ad_30820292_070_CNF_5c72de36.jpg,,Spordiriided ballzy veebipoest.,Men's Street Shoes,139.00 EUR,64.00 EUR,"Dr. Martens,Beež,Lifestyle,in stock,Yes,Dr. Martens,Male",,,,,,,,139€,64€
30821358_070_CNF,,Dante,http://ballzy.eu/et/product/dante-30821358-070-cnf,https://tanelneemoja.github.io/testing-somecool-stuff/generated_ads/ad_30821358_070_CNF_032631c0.jpg,,Spordiriided ballzy veebipoest.,Men's Street Shoes,139.00 EUR,64.00 EUR,"Dr. Martens,Green,Lifestyle,in stock,Yes,Dr. Martens,Male",,,,,,,,139€,64€
30826292_040_CNF,,Combs,http://ballzy.eu/et/product/combs-30826292-040-cnf,https://tanelneemoja.github.io/testing-somecool-stuff/generated_ads/ad_30826292_040_CNF_fb26538c.jpg,,Spordiriided ballzy veebipoest.,Women's Boots,159.00 EUR,79.00 EUR,"Dr. Martens,Beež,Lifestyle,in stock,Yes,Dr. Martens,Female",,,,,,,,159€,79€
30855358_040_CNF,,Buwick w,http://ballzy.eu/et/product/buwick-w-30855358-040-cnf,https://tanelneemoja.github.io/testing-somecool-stuff/generated_ads/ad_30855358_040_CNF_1197fe5c.jpg,,Spordiriided ballzy veebipoest.,Women's Boots,169.00 EUR,89.00 EUR,"Dr. Martens,Green,Lifestyle,in stock,Yes,Dr. Martens,Female",,,,,,,,169€,89€
30855329_040_CNF,,Buwick w,http://ballzy.eu/et/product/buwick-w-30855329-040-cnf,https://tanelneemoja.github.io/testing-somecool-stuff/generated_ads/ad_30855329_040_CNF_f122e438.jpg,,Spordiriided ballzy veebipoest.,Women's Boots,169.00 EUR,89.00 EUR,"Dr. Martens,Beež,Lifestyle,in stock,Yes,Dr. Martens,Female",,,,,,,,169€,89€
S60719_3_6_CNF,,Shadow 5000,http://ballzy.eu/et/product/shadow-5000-s60719-3-6-cnf,https://tanelneemoja.github.io/testing-somecool-stuff/generated_ads/ad_S60719_3_6_CNF_3ddbae97.jpg,,Spordiriided ballzy veebipoest.,Women's Street Shoes,154.00 EUR,99.00 EUR,"Saucony,White,Lifestyle,in stock,Yes,Saucony,Female",,,,,,,,154€,99€
S60757_12_6_CNF,,Dxn trainer vintage,http://ballzy.eu/et/product/dxn-trainer-vintage-s60757-12-6-cnf,https://tanelneemoja.github.io/testing-somecool-stuff/generated_ads/ad_S60757_12_6_CNF_dc9fb6a8.jpg,,Spordiriided ballzy veebipoest.,Women's Street Shoes,144.00 EUR,89.00 EUR,"Saucony,White,Lifestyle,in stock,Yes,Saucony,Female",,,,,,,,144€,89€
S70441_39_8_CNF,,Shadow 6000,http://ballzy.eu/et/product/shadow-6000-s70441-39-8-cnf,https://tanelneemoja.github.io/testing-somecool-stuff/generated_ads/ad_S70441_39_8_CNF_ba0af3a8.jpg,,Spordiriided ballzy veebipoest.,Men's Street Shoes,164.00 EUR,74.00 EUR,"Saucony,Green,Lifestyle,in stock,Yes,Saucony,Male",,,,,,,,164€,74€
S70757_1_8.5_CNF,,Dxn trainer vintage,http://ballzy.eu/et/product/dxn-trainer-vintage-s70757-1-8-5-cnf,https://tanelneemoja.github.io/testing-somecool-stuff/generated_ads/ad_S70757_1_8.5_CNF_16a179ca.jpg,,Spordiriided ballzy veebipoest.,Men's Street Shoes,119.00 EUR,89.00 EUR,"Saucony,Gray,Lifestyle,in stock,Yes,Saucony,Male",,,,,,,,119€,89€
DD1503_118_6.5_CNF,,W nike dunk low,http://ballzy.eu/et/product/w-nike-dunk-low-dd1503-118-6-5-cnf,https://tanelneemoja.github.io/testing-somecool-stuff/generated_ads/ad_DD1503_118_6.5_CNF_843e7847.jpg,,"true to your crew… kõvakatteks loodud, kuid tänavatele viidud '80ndate b-palli ikoon naaseb ideaalselt läikivate kattekihide ja klassikaliste meeskonnavärvidega. ikoonilise korvpallidisainiga nike dunk low suunab '80ndate vintage´i tagasi tänavatele, samas kui selle polsterdatud, madala lõikega krae võimaldab sul oma mängu kõikjale kaasa võtta - mugavalt… toote omadused: pealse karge nahk on kergelt läikiv, vananeb pehmeks täiuslikkuseks ja sellel on '80ndate b-ball",Women's Street Shoes,139.00 EUR,91.00 EUR,"Nike,Beež,Lifestyle,in stock,Yes,Nike,Female",,,,,,,,139€,91€
FZ6327_8.5_CNF,,Rivalry low,http://ballzy.eu/et/product/rivalry-low-fz6327-8-5-cnf,https://tanelneemoja.github.io/testing-somecool-stuff/generated_ads/ad_FZ6327_8.5_CNF_4478f42f.jpg,,"adidas rivalry teenis oma triibud kõnniteel ja sai seejärel punkarite ja rulluisutajate seas ikooniks. täna on legendaarne treener valmis domineerima igapäevaelus. lisa see oma igapäevasesse rotatsiooni ja naudi 80ndate nostalgiat pehme sünteetilise ja nahast pealse, klassikalise talla ja froteevoodriga. kogu armastatud og paari prestiiž on siin.",Men's Street Shoes,129.00 EUR,54.00 EUR,"adidas Originals,Black,Lifestyle,in stock,Yes,adidas Originals,Male",,,,,,,,129€,54€
ID4292_4.5_CNF,,Response cl w,http://ballzy.eu/et/product/response-cl-w-id4292-4-5-cnf,https://tanelneemoja.github.io/testing-somecool-stuff/generated_ads/ad_ID4292_4.5_CNF_e4d8549b.jpg,,"nendes adidas response cl kingades on midagi sellist, mis tekitab parimat isavibratsiooni. klassikaliselt sportlik välimus on segatud kokku õmmeldud mokkamoe pealiskattega, mis annab nostalgilise, kuid samas moodsa tunde. pehme eva-välipõhi pakub lisapehmendust ja kerget puudutust. olenemata sellest, kas te jätate lapsed kooli või reisite oma järgmisele seiklusele, teie jalad tänavad teid.",Women's Street Shoes,139.00 EUR,69.00 EUR,"adidas Originals,White,Lifestyle,in stock,Yes,adidas Originals,Female",,,,,,,,139€,69€
VN0005UJLLC1_055_CNF,,Sk8-hi flame,http://ballzy.eu/et/product/sk8-hi-flame-vn0005ujllc1-055-cnf,https://tanelneemoja.github.io/testing-somecool-stuff/generated_ads/ad_VN0005UJLLC1_055_CNF_7f231264.jpg,,Spordiriided ballzy veebipoest.,Women's Street Shoes,109.00 EUR,49.00 EUR,"Vans,Pink,Lifestyle,in stock,Yes,Vans,Female",,,,,,,,109€,49€
322992_131_10_CNF,,Jordan 6 rings,http://ballzy.eu/et/product/jordan-6-rings-322992-131-10-cnf,https://tanelneemoja.github.io/testing-somecool-stuff/generated_ads/ad_322992_131_10_CNF_b702042b.jpg,,"kerge muster. heavyweight legacy… tähistage ""his airness"" legendaarset karjääri koos jordan 6 rings. see sisaldab iga meistrivõistluste sarja ajal kantud kinga põhijooned, millel on esmaklassilised detailid ja kerge, madala profiiliga zoom air-padjandus, mis tagab tundliku tunde jala all… tooteomadused: zoom air üksused kannas ja esijalas tagavad kerge ja tundliku pehmenduse… nahk, kunstnahk ja/või tekstiilmaterjalid pealses tagavad mugavuse ja vastupidavuse&",Men's Street Shoes,199.00 EUR,89.00 EUR,"Jordan,White,Lifestyle,in stock,Yes,Jordan,Male",,,,,,,,199€,89€
322992_160_10_CNF,,Jordan 6 rings,http://ballzy.eu/et/product/jordan-6-rings-322992-160-10-cnf,https://tanelneemoja.github.io/testing-somecool-stuff/generated_ads/ad_322992_160_10_CNF_4368e22d.jpg,,"kerge muster. heavyweight legacy… tähistage ""his airness"" legendaarset karjääri koos jordan 6 rings. see sisaldab iga meistrivõistluste sarja ajal kantud kinga põhijooned, millel on esmaklassilised detailid ja kerge, madala profiiliga zoom air-padjandus, mis tagab tundliku tunde jala all… tooteomadused: zoom air üksused kannas ja esijalas tagavad kerge ja tundliku pehmenduse… nahk, kunstnahk ja/või tekstiilmaterjalid pealses tagavad mugavuse ja vastupidavuse&",Men's Street Shoes,199.00 EUR,130.00 EUR,"Jordan,White,Lifestyle,in stock,Yes,Jordan,Male",,,,,,,,199€,130€
323419_616_3.5Y_CNF,,Jordan 6 rings gs,http://ballzy.eu/et/product/jordan-6-rings-gs-323419-616-3-5y-cnf,https://tanelneemoja.github.io/testing-somecool-stuff/generated_ads/ad_323419_616_3.5Y_CNF_55cf7925.jpg,,"kerge mugavus, raskus legaamine… tähistage ""tema õhulisuse"" legendaarset karjääri koos jordan 6 ringsiga. see sisaldab iga meistrivõistluste sarja ajal kantud kinga põhijooned, millel on esmaklassilised detailid ja kerge pehmendus, mis tagab luksusliku välimuse… tooteomadused: nahk, sünteetiline nahk ja/või tekstiilmaterjalid pealses, mis tagavad mugavuse ja vastupidavuse… vahtpolster stabiilsuse ja kerge pehmenduse… kummist välistald pakub vastupidavu",Kids' Street Shoes,129.00 EUR,84.00 EUR,"Jordan,Pink,Lifestyle,in stock,Yes,Jordan,Female|Children",,,,,,,,129€,84€
CW1588_100_1.5Y_CNF,,Nike dunk low (ps),http://ballzy.eu/et/product/nike-dunk-low-ps-cw1588-100-1-5y-cnf,https://tanelneemoja.github.io/testing-somecool-stuff/generated_ads/ad_CW1588_100_1.5Y_CNF_3f915914.jpg,,"true to the original… nike dunk low on kerge saak teie lapse riidekappi. see 80ndate keskpaiga korvpalliikoon naaseb ülikindla konstruktsiooni ja originaalvärvidega. lisage kummist tald, mis tagab haardumise, ja see on noorte tossupoegade jaoks suurepärane: ehtne ja sünteetiline nahk on vastupidavad ja lisavad klassikalise tunde… krae ja keele konstruktsioon koos perforeeringutega varvastel, et anda neile jalatsitele ikooniline välimus, mis on originaalile truuks jäänud… kummist",Kids' Street Shoes,79.00 EUR,52.00 EUR,"Nike,Black,Lifestyle,in stock,Yes,Nike,Children",,,,,,,,79€,52€
DC0774_101_6.5_CNF,,Wmns air jordan 1 low,http://ballzy.eu/et/product/wmns-air-jordan-1-low-dc0774-101-6-5-cnf,https://tanelneemoja.github.io/testing-somecool-stuff/generated_ads/ad_DC0774_101_6.5_CNF_d7d92a3f.jpg,,"alati sees, alati värske. air jordan 1 low seab sulle tükikese jordani ajalugu ja pärandit, mis on mugav kogu päeva. valige oma värvid, siis astuge välja ikoonilises profiilis, mis on ehitatud kõrgekvaliteedilise materjaliseguga ja kapseldatud airiga kannas… tooteomadused: selle mineku puhul on low´i pealses kasutatud nahast ja sünteetilistest materjalidest valmistatud tipptasemel segu… air-üksus on kapseldatud kannas, mis annab teile kerge pehmenduse, mis on olnud",Women's Street Shoes,139.00 EUR,91.00 EUR,"Jordan,Black,Lifestyle,in stock,Yes,Jordan,Female",,,,,,,,139€,91€
DD8959_100_6.5_CNF,,Wmns air force 1 ´07,http://ballzy.eu/et/product/wmns-air-force-1-07-dd8959-100-6-5-cnf,https://tanelneemoja.github.io/testing-somecool-stuff/generated_ads/ad_DD8959_100_6.5_CNF_92792c3b.jpg,,"legendaarne stiil refined… sära elab edasi nike air force 1 ´07-s, b-palli ikoonis, mis paneb värske pöörde sellele, mida tunned kõige paremini: karge nahk, julged värvid ja täiuslik kogus välgust, et sind särada… toote omadused: nike air pehmendus lisab kerget ja kogu päeva kestvat mugavust… madalalt lõigatud siluett lisab puhta ja voolujoonelise välimuse… pehmendusega krae on pehme ja mugav… toote omadused alapealkirjad: pehmendusega krae on p",Women's Street Shoes,134.00 EUR,119.00 EUR,"Nike,White,Lifestyle,in stock,Yes,Nike,Female",,,,,,,,134€,119€
DR8884_100_10_CNF,,Air jordan 2 retro,http://ballzy.eu/et/product/air-jordan-2-retro-dr8884-100-10-cnf,https://tanelneemoja.github.io/testing-somecool-stuff/generated_ads/ad_DR8884_100_10_CNF_29e7eb7d.jpg,,1986. aastal debüteerinud aj2 oli oma kuulsa eelkäija lahe noorem vend - ikoonilise aj1-i elegantsem ja kärbitud versioon. esmaklassilise naha ja nike airiga jalge all on see tagasipöördumine parim kombinatsioon kantavusest ja stiilist… tooteomadused: nahk tundub luksuslik ja lisab vastupidavust… nike air-sole üksus kannas pakub kerget ja tundlikku pehmendust… kummist välistald pakub haarduvust erinevatel pindadel… toote omaduste alapealkirjad:,Kids' Street Shoes,209.00 EUR,89.00 EUR,"Jordan,White,Lifestyle,in stock,Yes,Jordan,Male|Female|Children",,,,,,,,209€,89€
129443_36_CNF,,Arizona eva,http://ballzy.eu/et/product/arizona-eva-129443-36-cnf,https://tanelneemoja.github.io/testing-somecool-stuff/generated_ads/ad_129443_36_CNF_73ecdc1b.jpg,,Spordiriided ballzy veebipoest.,Women's Street Shoes,54.00 EUR,34.00 EUR,"Birkenstock,White,Lifestyle,in stock,Yes,Birkenstock,Female",,,,,,,,54€,34€
752483_36_CNF,,Arizona sfb leoi,http://ballzy.eu/et/product/arizona-sfb-leoi-752483-36-cnf,https://tanelneemoja.github.io/testing-somecool-stuff/generated_ads/ad_752483_36_CNF_0b59610b.jpg,,Spordiriided ballzy veebipoest.,Women's Street Shoes,139.00 EUR,109.00 EUR,"Birkenstock,Black,Lifestyle,in stock,Yes,Birkenstock,Female",,,,,,,,139€,109€
DR9503_700_6.5_CNF,,Wmns air force 1 prm mf,http://ballzy.eu/et/product/wmns-air-force-1-prm-mf-dr9503-700-6-5-cnf,https://tanelneemoja.github.io/testing-somecool-stuff/generated_ads/ad_DR9503_700_6.5_CNF_e3ac2364.jpg,,Spordiriided ballzy veebipoest.,Women's Street Shoes,139.00 EUR,69.00 EUR,"Nike,Yellow,Lifestyle,in stock,Yes,Nike,Female",,,,,,,,139€,69€
DZ4475_006_10_CNF,,Jordan mvp,http://ballzy.eu/et/product/jordan-mvp-dz4475-006-10-cnf,https://tanelneemoja.github.io/testing-somecool-stuff/generated_ads/ad_DZ4475_006_10_CNF_906c1450.jpg,,"me ei leiutanud remixi, kuid arvestades materjali, mida me saame proovida, on see üks'ei ole mõttekas. võtsime sp-12 ja võtsime elemendid aj6, 7 ja 8, muutes need täiesti uueks kingaks, mis tähistab mj's esimest kolmekordset meistrivõistlust. nahast, tekstiilist ja nubukist detailidega austavad need tossud ühte pärandit, julgustades teid samas omaenda kinnistama… toote omadused: ülemine osa on segu aj6 ja aj7 elementidest: keelekate ja modifitseeritud kattekate viitavad aj",Men's Street Shoes,184.00 EUR,120.00 EUR,"Jordan,Multicolored,Lifestyle,in stock,Yes,Jordan,Male",,,,,,,,184€,120€
IF4918_8.5_CNF,,Terrex free hiker 2 goretex,http://ballzy.eu/et/product/terrex-free-hiker-2-goretex-if4918-8-5-cnf,https://tanelneemoja.github.io/testing-somecool-stuff/generated_ads/ad_IF4918_8.5_CNF_4b50305a.jpg,,"siin rajal on matkamine midagi palju enamat kui ainult tee järgimine. see on koht, kus me õpime tõdesid iseenda kohta, jõuame uutele tippudele ja põgeneme igapäevaelu kiirest saginast. matkamine on sina, siin, siinsamas, hetkes.  selleks, et sa saaksid loodusesse minna uudishimulikuna ja vabalt, oleme pühendunud sellele, et välja töötada just sulle sobivad jalanõud.  jalatsit, mis on nii mugav, et sa ei taha seda kunagi jalast võtta.  free hiker 2.0 gore-tex kannab sind üha kauge",Men's Boots,219.00 EUR,159.00 EUR,"adidas Originals,Black,Lifestyle,in stock,Yes,adidas Originals,Male",,,,,,,,219€,159€
U9060BLK_5_CNF,,New balance 9060,http://ballzy.eu/et/product/new-balance-9060-u9060blk-5-cnf,https://tanelneemoja.github.io/testing-somecool-stuff/generated_ads/ad_U9060BLK_5_CNF_578bb5e1.jpg,,Spordiriided ballzy veebipoest.,Women's Street Shoes,199.00 EUR,189.00 EUR,"New Balance,Black,Lifestyle,in stock,Yes,New Balance,Male|Female",,,,,,,,199€,189€
1019069_36_CNF,,Arizona bf,http://ballzy.eu/et/product/arizona-bf-1019069-36-cnf,https://tanelneemoja.github.io/testing-somecool-stuff/generated_ads/ad_1019069_36_CNF_0325ff8a.jpg,,Spordiriided ballzy veebipoest.,Women's Street Shoes,99.00 EUR,69.00 EUR,"Birkenstock,Black,Lifestyle,in stock,Yes,Birkenstock,Female",,,,,,,,99€,69€
26007001_30_CNF,,Combs leather,http://ballzy.eu/et/product/combs-leather-26007001-30-cnf,https://tanelneemoja.github.io/testing-somecool-stuff/generated_ads/ad_26007001_30_CNF_17886d26.jpg,,Spordiriided ballzy veebipoest.,Women's Street Shoes,169.00 EUR,135.20 EUR,"Dr. Martens,Black,Lifestyle,in stock,Yes,Dr. Martens,Male|Female",,,,,,,,169€,135.20€
27021001_30_CNF,,Tarik,http://ballzy.eu/et/product/tarik-27021001-30-cnf,https://tanelneemoja.github.io/testing-somecool-stuff/generated_ads/ad_27021001_30_CNF_93d3e283.jpg,,Spordiriided ballzy veebipoest.,Women's Boots,189.00 EUR,119.00 EUR,"Dr. Martens,Black,Lifestyle,in stock,Yes,Dr. Martens,Female",,,,,,,,189€,119€
27024207_65_CNF,,Tarik,http://ballzy.eu/et/product/tarik-27024207-65-cnf,https://tanelneemoja.github.io/testing-somecool-stuff/generated_ads/ad_27024207_65_CNF_82a3328a.jpg,,Spordiriided ballzy veebipoest.,Women's Boots,189.00 EUR,119.00 EUR,"Dr. Martens,Pruun,Lifestyle,in stock,Yes,Dr. Martens,Male|Female",,,,,,,,189€,119€
31163115_30_CNF,,Boury,http://ballzy.eu/et/product/boury-31163115-30-cnf,https://tanelneemoja.github.io/testing-somecool-stuff/generated_ads/ad_31163115_30_CNF_f9b53dd1.jpg,,Spordiriided ballzy veebipoest.,Women's Boots,179.00 EUR,89.00 EUR,"Dr. Martens,Beež,Lifestyle,in stock,Yes,Dr. Martens,Male|Female",,,,,,,,179€,89€
S70704_9_8_CNF,,Progrid triumph 4,http://ballzy.eu/et/product/progrid-triumph-4-s70704-9-8-cnf,https://tanelneemoja.github.io/testing-somecool-stuff/generated_ads/ad_S70704_9_8_CNF_451abc3d.jpg,,Spordiriided ballzy veebipoest.,Men's Street Shoes,189.00 EUR,129.00 EUR,"Saucony,Green,Lifestyle,in stock,Yes,Saucony,Male",,,,,,,,189€,129€
S70740_5_5_CNF,,Progrid omni 9,http://ballzy.eu/et/product/progrid-omni-9-s70740-5-5-cnf,https://tanelneemoja.github.io/testing-somecool-stuff/generated_ads/ad_S70740_5_5_CNF_8c2b3b30.jpg,,Spordiriided ballzy veebipoest.,Women's Street Shoes,189.00 EUR,129.00 EUR,"Saucony,Beež,Lifestyle,in stock,Yes,Saucony,Male|Female",,,,,,,,189€,129€
S70740_6_8_CNF,,Progrid omni 9,http://ballzy.eu/et/product/progrid-omni-9-s70740-6-8-cnf,https://tanelneemoja.github.io/testing-somecool-stuff/generated_ads/ad_S70740_6_8_CNF_36fc018e.jpg,,Spordiriided ballzy veebipoest.,Men's Street Shoes,189.00 EUR,129.00 EUR,"Saucony,Green,Lifestyle,in stock,Yes,Saucony,Male",,,,,,,,189€,129€
27778001_30_CNF,,Thurston chukka,http://ballzy.eu/et/product/thurston-chukka-27778001-30-cnf,https://tanelneemoja.github.io/testing-somecool-stuff/generated_ads/ad_27778001_30_CNF_f9ed8fc8.jpg,,Spordiriided ballzy veebipoest.,Women's Boots,169.00 EUR,135.20 EUR,"Dr. Martens,Black,Lifestyle,in stock,Yes,Dr. Martens,Female",,,,,,,,169€,135.20€
HQ8383_8.5_CNF,,Terrex free hiker 2 goretex,http://ballzy.eu/et/product/terrex-free-hiker-2-goretex-hq8383-8-5-cnf,https://tanelneemoja.github.io/testing-somecool-stuff/generated_ads/ad_HQ8383_8.5_CNF_8630a460.jpg,,"siin rajal on matkamine midagi palju enamat kui ainult tee järgimine. see on koht, kus me õpime tõdesid iseenda kohta, jõuame uutele tippudele ja põgeneme igapäevaelu kiirest saginast. matkamine on sina, siin, siinsamas, hetkes.  selleks, et sa saaksid loodusesse minna uudishimulikuna ja vabalt, oleme pühendunud sellele, et välja töötada just sulle sobivad jalanõud.  jalatsit, mis on nii mugav, et sa ei taha seda kunagi jalast võtta.  free hiker 2.0 gore-tex kannab sind üha kauge",Men's Boots,249.00 EUR,179.00 EUR,"adidas Originals,Black,Lifestyle,in stock,Yes,adidas Originals,Male",,,,,,,,249€,179€
FB9019_004_10_CNF,,Wmns jordan mvp,http://ballzy.eu/et/product/wmns-jordan-mvp-fb9019-004-10-cnf,https://tanelneemoja.github.io/testing-somecool-stuff/generated_ads/ad_FB9019_004_10_CNF_08ebf039.jpg,,"me ei leiutanud remixi, kuid arvestades materjali, mida me saame proovida, on see üks'ei ole mõttekas. võtsime sp-12 ja võtsime elemendid aj6, 7 ja 8, muutes need täiesti uueks kingaks, mis tähistab mj's esimest kolmekordset meistrivõistlust. nahast, tekstiilist ja nubukist detailidega austavad need tossud ühte pärandit, julgustades teid samas omaenda kinnistama… toote omadused: kaelus ja veerandpaneelid viitavad aj7-le, samal ajal kui graafika on austusavaldus aj8-le&hell",Women's Street Shoes,184.00 EUR,79.00 EUR,"Jordan,Black,Lifestyle,in stock,Yes,Jordan,Female",,,,,,,,184€,79€
DH8016_002_10_CNF,,Wmns air max 97,http://ballzy.eu/et/product/wmns-air-max-97-dh8016-002-10-cnf,https://tanelneemoja.github.io/testing-somecool-stuff/generated_ads/ad_DH8016_002_10_CNF_7d295940.jpg,,Spordiriided ballzy veebipoest.,Women's Street Shoes,209.00 EUR,109.00 EUR,"Nike,Black,Lifestyle,in stock,Yes,Nike,Female",,,,,,,,209€,109€
VN0005UBYY21_055_CNF,,Old skool vr3,http://ballzy.eu/et/product/old-skool-vr3-vn0005ubyy21-055-cnf,https://tanelneemoja.github.io/testing-somecool-stuff/generated_ads/ad_VN0005UBYY21_055_CNF_6bb8091e.jpg,,Spordiriided ballzy veebipoest.,Women's Street Shoes,104.00 EUR,39.00 EUR,"Vans,White,Lifestyle,in stock,Yes,Vans,Male|Female",,,,,,,,104€,39€
DD1503_101_6.5_CNF,,W nike dunk low,http://ballzy.eu/et/product/w-nike-dunk-low-dd1503-101-6-5-cnf,https://tanelneemoja.github.io/testing-somecool-stuff/generated_ads/ad_DD1503_101_6.5_CNF_0ff84b74.jpg,,"true to your crew… kõvakatteks loodud, kuid tänavatele viidud '80ndate b-palli ikoon naaseb ideaalselt läikivate kattekihide ja klassikaliste meeskonnavärvidega. ikoonilise korvpallidisainiga nike dunk low suunab '80ndate vintage´i tagasi tänavatele, samas kui selle polsterdatud, madala lõikega krae võimaldab sul oma mängu kõikjale kaasa võtta - mugavalt… toote omadused: pealse karge nahk on kergelt läikiv, vananeb pehmeks täiuslikkuseks ja sellel on '80ndate b-ball",Women's Street Shoes,139.00 EUR,99.00 EUR,"Nike,Black,Lifestyle,in stock,Yes,Nike,Female",,,,,,,,139€,99€
DD1503_124_10_CNF,,W nike dunk low,http://ballzy.eu/et/product/w-nike-dunk-low-dd1503-124-10-cnf,https://tanelneemoja.github.io/testing-somecool-stuff/generated_ads/ad_DD1503_124_10_CNF_f5e60579.jpg,,"true to your crew… kõvakatteks loodud, kuid tänavatele viidud '80ndate b-palli ikoon naaseb ideaalselt läikivate kattekihide ja klassikaliste meeskonnavärvidega. ikoonilise korvpallidisainiga nike dunk low suunab '80ndate vintage´i tagasi tänavatele, samas kui selle polsterdatud, madala lõikega krae võimaldab sul oma mängu kõikjale kaasa võtta - mugavalt… toote omadused: pealse karge nahk on kergelt läikiv, vananeb pehmeks täiuslikkuseks ja sellel on '80ndate b-ball",Women's Street Shoes,129.00 EUR,99.00 EUR,"Nike,Pruun,Lifestyle,in stock,Yes,Nike,Female",,,,,,,,129€,99€
DH2925_001_1.5Y_CNF,,Force 1 le ps,http://ballzy.eu/et/product/force-1-le-ps-dh2925-001-1-5y-cnf,https://tanelneemoja.github.io/testing-somecool-stuff/generated_ads/ad_DH2925_001_1.5Y_CNF_c0525bbd.jpg,,"salute to a legendale… sellest ongi legendid tehtud. nike force 1 le toob tagasi 82. aasta kõvapuu ikooni igapäevaseks stiiliks, mis on kas täielikult valge või täielikult must. lase vastupidavusel, pehmendusel ja tunnetusel tutvustada väikestele jalgadele klassikalist… toote omadused: ehtne ja sünteetiline nahk on vastupidav ja kergesti puhastatav… pehme vaht annab klassikalise pehmenduse… kummist tald toob vastupidava haardumise… toote omaduste alapealkirjad:",Kids' Street Shoes,79.00 EUR,69.00 EUR,"Nike,Black,Lifestyle,in stock,Yes,Nike,Children",,,,,,,,79€,69€
DH9756_600_1.5Y_CNF,,Nike dunk low ps,http://ballzy.eu/et/product/nike-dunk-low-ps-dh9756-600-1-5y-cnf,https://tanelneemoja.github.io/testing-somecool-stuff/generated_ads/ad_DH9756_600_1.5Y_CNF_7ee4eb4b.jpg,,Spordiriided ballzy veebipoest.,Kids' Street Shoes,79.00 EUR,39.00 EUR,"Nike,Pink,Lifestyle,in stock,Yes,Nike,Children",,,,,,,,79€,39€
DX4816_200_10_CNF,,W nike calm slide,http://ballzy.eu/et/product/w-nike-calm-slide-dx4816-200-10-cnf,https://tanelneemoja.github.io/testing-somecool-stuff/generated_ads/ad_DX4816_200_10_CNF_04938943.jpg,,"Nende plätude puhul on oluline nimi. hinga sügavalt sisse ja astu minimalistliku välimusega, millel on suurepärane pehmendus. anatoomiliselt kujundatud vahtmaterjal loob ühe tüki, mis toetab su jalgu ja aitab neid paigal hoida. lisaks sellele kuivab veesõbralik disain kiiresti, muutes need ideaalseks lõõgastumiseks basseini ääres. kogu stiili, ilma suurema vaevata. on aeg veidi rahu nautida.pehme kuid reageeriv vaht pakub hämmastavat mugavust ja kuivab kiiresti - olenemata selles",Women's Street Shoes,59.00 EUR,39.00 EUR,"Nike,Beež,Lifestyle,in stock,Yes,Nike,Female",,,,,,,,59€,39€
VN0A38GFB9M1_085_CNF,,Ua sk8-hi 38 dx,http://ballzy.eu/et/product/ua-sk8-hi-38-dx-vn0a38gfb9m1-085-cnf,https://tanelneemoja.github.io/testing-somecool-stuff/generated_ads/ad_VN0A38GFB9M1_085_CNF_e1055310.jpg,,Spordiriided ballzy veebipoest.,Men's Street Shoes,114.00 EUR,50.00 EUR,"Vans,Black,Lifestyle,in stock,Yes,Vans,Male",,,,,,,,114€,50€
31352001_30_CNF,,Combs w padded,http://ballzy.eu/et/product/combs-w-padded-31352001-30-cnf,https://tanelneemoja.github.io/testing-somecool-stuff/generated_ads/ad_31352001_30_CNF_ea0fb014.jpg,,Spordiriided ballzy veebipoest.,Women's Boots,189.00 EUR,119.00 EUR,"Dr. Martens,Black,Lifestyle,in stock,Yes,Dr. Martens,Female",,,,,,,,189€,119€
S70665_32_5_CNF,,Shadow 5000,http://ballzy.eu/et/product/shadow-5000-s70665-32-5-cnf,https://tanelneemoja.github.io/testing-somecool-stuff/generated_ads/ad_S70665_32_5_CNF_1e9debd9.jpg,,Spordiriided ballzy veebipoest.,Women's Street Shoes,149.00 EUR,99.00 EUR,"Saucony,Beež,Lifestyle,in stock,Yes,Saucony,Female",,,,,,,,149€,99€
S70740_4_5_CNF,,Progrid omni 9,http://ballzy.eu/et/product/progrid-omni-9-s70740-4-5-cnf,https://tanelneemoja.github.io/testing-somecool-stuff/generated_ads/ad_S70740_4_5_CNF_6877130b.jpg,,Spordiriided ballzy veebipoest.,Kids' Street Shoes,189.00 EUR,129.00 EUR,"Saucony,Beež,Lifestyle,in stock,Yes,Saucony,Male|Female|Children",,,,,,,,189€,129€
BB650RCK_4_CNF,,New balance 650,http://ballzy.eu/et/product/new-balance-650-bb650rck-4-cnf,https://tanelneemoja.github.io/testing-somecool-stuff/generated_ads/ad_BB650RCK_4_CNF_e67a9351.jpg,,Spordiriided ballzy veebipoest.,Women's Street Shoes,159.00 EUR,79.00 EUR,"New Balance,White,Lifestyle,in stock,Yes,New Balance,Male|Female",,,,,,,,159€,79€
BB650RVG_8_CNF,,New balance 650,http://ballzy.eu/et/product/new-balance-650-bb650rvg-8-cnf,https://tanelneemoja.github.io/testing-somecool-stuff/generated_ads/ad_BB650RVG_8_CNF_fd0b0630.jpg,,Spordiriided ballzy veebipoest.,Men's Street Shoes,169.00 EUR,84.00 EUR,"New Balance,White,Lifestyle,in stock,Yes,New Balance,Male",,,,,,,,169€,84€
M2002RXJ_8_CNF,,New balance 2002r,http://ballzy.eu/et/product/new-balance-2002r-m2002rxj-8-cnf,https://tanelneemoja.github.io/testing-somecool-stuff/generated_ads/ad_M2002RXJ_8_CNF_cb106189.jpg,,Spordiriided ballzy veebipoest.,Kids' Street Shoes,159.00 EUR,90.00 EUR,"New Balance,Gray,Lifestyle,in stock,Yes,New Balance,Male|Female|Children",,,,,,,,159€,90€
MR530CK_4.5_CNF,,New balance 530,http://ballzy.eu/et/product/new-balance-530-mr530ck-4-5-cnf,https://tanelneemoja.github.io/testing-somecool-stuff/generated_ads/ad_MR530CK_4.5_CNF_b37a0374.jpg,,Spordiriided ballzy veebipoest.,Women's Street Shoes,129.00 EUR,,"New Balance,Gray,Lifestyle,in stock,No,New Balance,Male|Female",,,,,,,,129€,
M1906RCE_4.5_CNF,,New balance 1906r,http://ballzy.eu/et/product/new-balance-1906r-m1906rce-4-5-cnf,https://tanelneemoja.github.io/testing-somecool-stuff/generated_ads/ad_M1906RCE_4.5_CNF_d394ede7.jpg,,Spordiriided ballzy veebipoest.,Women's Street Shoes,149.00 EUR,69.00 EUR,"New Balance,Blue,Lifestyle,in stock,Yes,New Balance,Male|Female",,,,,,,,149€,69€
M1906RCH_4.5_CNF,,New balance 1906r,http://ballzy.eu/et/product/new-balance-1906r-m1906rch-4-5-cnf,https://tanelneemoja.github.io/testing-somecool-stuff/generated_ads/ad_M1906RCH_4.5_CNF_ddd578b9.jpg,,Spordiriided ballzy veebipoest.,Women's Street Shoes,159.00 EUR,,"New Balance,Black,Lifestyle,in stock,No,New Balance,Male|Female",,,,,,,,159€,
VN0009PVJVY1_055_CNF,,Authentic,http://ballzy.eu/et/product/authentic-vn0009pvjvy1-055-cnf,https://tanelneemoja.github.io/testing-somecool-stuff/generated_ads/ad_VN0009PVJVY1_055_CNF_0418398e.jpg,,Spordiriided ballzy veebipoest.,Women's Street Shoes,89.00 EUR,34.00 EUR,"Vans,White,Lifestyle,in stock,Yes,Vans,Female",,,,,,,,89€,34€
FJ0742_081_10_CNF,,Jordan mvp psg,http://ballzy.eu/et/product/jordan-mvp-psg-fj0742-081-10-cnf,https://tanelneemoja.github.io/testing-somecool-stuff/generated_ads/ad_FJ0742_081_10_CNF_cb2f8688.jpg,,Spordiriided ballzy veebipoest.,Men's Street Shoes,184.00 EUR,120.00 EUR,"Jordan,Black,Lifestyle,in stock,Yes,Jordan,Male",,,,,,,,184€,120€
TB0A5ZCG0011_10_CNF,,Grey mid chelsea boot,http://ballzy.eu/et/product/grey-mid-chelsea-boot-tb0a5zcg0011-10-cnf,https://tanelneemoja.github.io/testing-somecool-stuff/generated_ads/ad_TB0A5ZCG0011_10_CNF_322de7fa.jpg,,,Women's Boots,134.00 EUR,107.20 EUR,"Timberland,Black,Lifestyle,in stock,Yes,Timberland,Female",,,,,,,,134€,107.20€
ID7056_4.5_CNF,,Gazelle bold w,http://ballzy.eu/et/product/gazelle-bold-w-id7056-4-5-cnf,https://tanelneemoja.github.io/testing-somecool-stuff/generated_ads/ad_ID7056_4.5_CNF_728cca5f.jpg,,"adidas gazelle on klassikaline jalats, mis ületab kõik: trendi, vanuse, isiksusetüübi ja ennekõike aja. 1996. aastal kasutusele võetud jalatsid on siiani üks armastatumaid adidase disainilahendusi. see versioon on valmistatud materjalidest ja detailidest, mis vastavad nende sünni ajastule - mõtle kõrgekvaliteedilisele mokkamaterjalile, metalse kuldse brändi ja t-toe signatuurile. kolmekordne kummist välistald annab sellele hoogu, samuti on pitsil värvilistest pärlitest ja metalse",Women's Street Shoes,129.00 EUR,79.00 EUR,"adidas Originals,Beež,Lifestyle,in stock,Yes,adidas Originals,Female",,,,,,,,129€,79€
IF6562_4.5_CNF,,Handball spezial w,http://ballzy.eu/et/product/handball-spezial-w-if6562-4-5-cnf,https://tanelneemoja.github.io/testing-somecool-stuff/generated_ads/ad_IF6562_4.5_CNF_b2229265.jpg,,"adidas spezial jalanõud võeti kasutusele 1979. aastal käsipallisportlaste jaoks, kuid ei läinud kaua aega, enne kui nende vaieldamatu stiil sillutas teed ka väljapoole siseplatsi. see paar tähistab seda rikkalikku minevikku koos iseloomulike disainielementidega, alates mokkamaterjalist pealsest kuni t-kujulise varbakastini. eredad kaasaegsed värvikombinatsioonid lisavad silmapaistvat välimust. pange need jalga ja väljendage oma stiili vintage´ile omaselt.",Women's Street Shoes,114.00 EUR,89.00 EUR,"adidas Originals,Gray,Lifestyle,in stock,Yes,adidas Originals,Female",,,,,,,,114€,89€
39271801_8_CNF,,Rs-x hi puma,http://ballzy.eu/et/product/rs-x-hi-puma-39271801-8-cnf,https://tanelneemoja.github.io/testing-somecool-stuff/generated_ads/ad_39271801_8_CNF_b33a9338.jpg,,Spordiriided ballzy veebipoest.,Men's Boots,139.00 EUR,109.00 EUR,"Puma,Black,Lifestyle,in stock,Yes,Puma,Male",,,,,,,,139€,109€
S20841_05_8_CNF,,Peregrine 13 goretex,http://ballzy.eu/et/product/peregrine-13-goretex-s20841-05-8-cnf,https://tanelneemoja.github.io/testing-somecool-stuff/generated_ads/ad_S20841_05_8_CNF_234bb54c.jpg,,Spordiriided ballzy veebipoest.,Men's Street Shoes,239.00 EUR,149.00 EUR,"Saucony,Gray,Lifestyle,in stock,Yes,Saucony,Male",,,,,,,,239€,149€
VN0009PVBY11_085_CNF,,Authentic,http://ballzy.eu/et/product/authentic-vn0009pvby11-085-cnf,https://tanelneemoja.github.io/testing-somecool-stuff/generated_ads/ad_VN0009PVBY11_085_CNF_600e7da1.jpg,,Spordiriided ballzy veebipoest.,Men's Street Shoes,89.00 EUR,34.00 EUR,"Vans,Gray,Lifestyle,in stock,Yes,Vans,Male",,,,,,,,89€,34€
VN0009QMBQL1_055_CNF,,Sk8-hi dr mte-2,http://ballzy.eu/et/product/sk8-hi-dr-mte-2-vn0009qmbql1-055-cnf,https://tanelneemoja.github.io/testing-somecool-stuff/generated_ads/ad_VN0009QMBQL1_055_CNF_85aee0ab.jpg,,Spordiriided ballzy veebipoest.,Women's Boots,164.00 EUR,131.20 EUR,"Vans,Pink,Lifestyle,in stock,Yes,Vans,Female",,,,,,,,164€,131.20€
DZ4352_101_3.5Y_CNF,,Jordan max aura 5 gs,http://ballzy.eu/et/product/jordan-max-aura-5-gs-dz4352-101-3-5y-cnf,https://tanelneemoja.github.io/testing-somecool-stuff/generated_ads/ad_DZ4352_101_3.5Y_CNF_efc6f0be.jpg,,"Kui otsid jalatseid, mis on ööpäevaringselt valmis igaks seikluseks siis max aura 5 on just see mida vajad. aj3 poolt inspireeritud annavad need jalanõud klassikale kaasaegse nüansi. need on valmistatud vastupidavast nahast ja tekstiilidest, mille all on nike air õhkpadi kannas, mis võimaldab sul kogu päeva mugavalt kõndida, joosta või rulatada tundes endiselt jalgades värskust.nike air-sole padjad tagavad kerge polsterduse.kummine välistald pakub head haakuvust igapäeva",Kids' Street Shoes,99.00 EUR,49.00 EUR,"Jordan,White,Lifestyle,in stock,Yes,Jordan,Female|Children",,,,,,,,99€,49€
DZ4353_101_10_CNF,,Jordan max aura 5,http://ballzy.eu/et/product/jordan-max-aura-5-dz4353-101-10-cnf,https://tanelneemoja.github.io/testing-somecool-stuff/generated_ads/ad_DZ4353_101_10_CNF_342ae53a.jpg,,"Kui otsid jalatseid, mis on ööpäevaringselt valmis igaks seikluseks siis max aura 5 on just see mida vajad. aj3 poolt inspireeritud annavad need jalanõud klassikale kaasaegse nüansi. need on valmistatud vastupidavast nahast ja tekstiilidest, mille all on nike air õhkpadi kannas, mis võimaldab sul kogu päeva mugavalt kõndida, joosta või rulatada tundes endiselt jalgades värskust.nike air-sole padjad tagavad kerge polsterduse.kummine välistald pakub head haakuvust igapäeva",Men's Street Shoes,149.00 EUR,97.00 EUR,"Jordan,White,Lifestyle,in stock,Yes,Jordan,Male",,,,,,,,149€,97€
CW2289_001_8_CNF,,Air force 1 mid ´07,http://ballzy.eu/et/product/air-force-1-mid-07-cw2289-001-8-cnf,https://tanelneemoja.github.io/testing-somecool-stuff/generated_ads/ad_CW2289_001_8_CNF_e8f21dca.jpg,,"legendaarne af1 stiil… air force 1 mid '07 on kõik, mida sa kõige paremini tunned: teravad katted, julged aktsendid ja täiuslik kogus välku, mis laseb sul särada. pehmendusega, keskmise lõikega krae koos klassikalise konksuga lisab b-palli mugavust, samal ajal kui perforeeringud varvastel hoiavad sind jahedana… toote omadused: pehmendusega, keskmise lõikega krae koos klassikalise konksuga lisab mugavust: üle 35 aasta on see olnud mugavus ja vastupidavus otse karbist",Men's Street Shoes,149.00 EUR,,"Nike,Black,Lifestyle,in stock,No,Nike,Male",,,,,,,,149€,
CW2289_111_10.5_CNF,,Air force 1 mid ´07,http://ballzy.eu/et/product/air-force-1-mid-07-cw2289-111-10-5-cnf,https://tanelneemoja.github.io/testing-somecool-stuff/generated_ads/ad_CW2289_111_10.5_CNF_2850c2db.jpg,,"legendaarne af1 stiil… air force 1 mid '07 on kõik, mida sa kõige paremini tunned: teravad katted, julged aktsendid ja täiuslik kogus välku, mis laseb sul särada. pehmendusega, keskmise lõikega krae koos klassikalise konksuga lisab b-palli mugavust, samal ajal kui perforeeringud varvastel hoiavad sind jahedana… toote omadused: pehmendusega, keskmise lõikega krae koos klassikalise konksuga lisab mugavust: üle 35 aasta on see olnud mugavus ja vastupidavus otse karbist",Men's Street Shoes,149.00 EUR,,"Nike,White,Lifestyle,in stock,No,Nike,Male",,,,,,,,149€,
DC9486_101_10_CNF,,W air force 1 ´07 next nature,http://ballzy.eu/et/product/w-air-force-1-07-next-nature-dc9486-101-10-cnf,https://tanelneemoja.github.io/testing-somecool-stuff/generated_ads/ad_DC9486_101_10_CNF_0a751d10.jpg,,"legendaarne stiil tulevikule… pole viga, kõik mängivad. valmistatud vähemalt 20% ulatuses taaskasutatud materjalidest, originaal, mis kirjutas tossude ajalugu, saab uuendatud sünteetilise nahaga… toote omadused: valmistatud vähemalt 20% ulatuses ringlussevõetud materjalidest, disain on osa nike'i kohustusest aidata kaitsta spordi tulevikku… iga kord, kui näed nike sunbursti või nime next nature (nn), näed veel ühte sammu meie teekonnal süsiniku- ja jäätmevaba",Kids' Street Shoes,134.00 EUR,89.00 EUR,"Nike,White,Lifestyle,in stock,Yes,Nike,Male|Female|Children",,,,,,,,134€,89€
DD8959_001_6.5_CNF,,Wmns air force 1 ´07,http://ballzy.eu/et/product/wmns-air-force-1-07-dd8959-001-6-5-cnf,https://tanelneemoja.github.io/testing-somecool-stuff/generated_ads/ad_DD8959_001_6.5_CNF_96929eac.jpg,,"legendaarne stiil refined… sära elab edasi nike air force 1 ´07-s, b-palli ikoonis, mis paneb värske pöörde sellele, mida tunned kõige paremini: karge nahk, julged värvid ja täiuslik kogus välgust, et sind särada… toote omadused: nike air pehmendus lisab kerget ja kogu päeva kestvat mugavust… madalalt lõigatud siluett lisab puhta ja voolujoonelise välimuse… pehmendusega krae on pehme ja mugav… toote omadused alapealkirjad: pehmendusega krae on p",Women's Street Shoes,134.00 EUR,,"Nike,Black,Lifestyle,in stock,No,Nike,Female",,,,,,,,134€,
DM4044_100_10_CNF,,Nike cortez,http://ballzy.eu/et/product/nike-cortez-dm4044-100-10-cnf,https://tanelneemoja.github.io/testing-somecool-stuff/generated_ads/ad_DM4044_100_10_CNF_4917ef78.jpg,,"oli 1972. nüüd 2023. mõnikord on rohkem parem. ümberkujundades austusväärse välimuse, oleme uuendanud disaini laiema varbaosa ja tugevamate külgpaneelidega, et saaksite neid mugavalt kanda iga päev. ümbertöödeldud materjalid aitavad vältida väändumist ja lisavad vastupidavust, säilitades samas klassikalise '72 kuju, millesse armunud olete. pitsid, sest traditsioonid muutuvad aina paremaks… toote omadused: uuesti töödeldud nahast ja tekstiilist materjalid säilitavad sinu ar",Men's Street Shoes,109.00 EUR,71.00 EUR,"Nike,White,Lifestyle,in stock,Yes,Nike,Male",,,,,,,,109€,71€
DV0991_101_10_CNF,,Wmns air jordan 1 mid,http://ballzy.eu/et/product/wmns-air-jordan-1-mid-dv0991-101-10-cnf,https://tanelneemoja.github.io/testing-somecool-stuff/generated_ads/ad_DV0991_101_10_CNF_f258e4ad.jpg,,"ära kunagi sega klassikat. hoidke pärand jalas valge-valge välimusega, mis ei lähe kunagi moest välja… toote omadused: ehtne ja sünteetiline nahk tagab suurepärase vastupidavuse ja stiili… pehmendusega keel ja sisemine pealne lisamugavust ja turvalisust… ikoniline tiibadega air jordan logo pealsel traditsioonilise brändi jaoks… kapseldatud air-üksus kannas annab kerge pehmenduse, mida tead ja armastad… tugev kummist välistald koos turvise standa",Women's Street Shoes,159.00 EUR,104.00 EUR,"Jordan,Black,Lifestyle,in stock,Yes,Jordan,Female",,,,,,,,159€,104€
IE7101_4.5_CNF,,Ozweego w,http://ballzy.eu/et/product/ozweego-w-ie7101-4-5-cnf,https://tanelneemoja.github.io/testing-somecool-stuff/generated_ads/ad_IE7101_4.5_CNF_74157c68.jpg,,"need adidas´i kingad näitavad praktilisust stiilis. mugavusele orienteeritud ozweego ühendab eva-välipõhja adiprene´i ja adiprene+-ga, et pakkuda suurepärast pehmendust. tuntud kobar siluett ei hoia disaini osas midagi tagasi. iseloomulik skulptuurne tald ja kontuurne paanipealne kujundus pealsel tekitavad liikumise ja voolavuse tunde. see 90ndate tagasipöördumine on ikka veel võitja, sest mugavus ei lähe kunagi moest välja.",Women's Street Shoes,119.00 EUR,59.00 EUR,"adidas Originals,Black,Lifestyle,in stock,Yes,adidas Originals,Female",,,,,,,,119€,59€
VN000BVYBXU1_085_CNF,,Era 95 dx,http://ballzy.eu/et/product/era-95-dx-vn000bvybxu1-085-cnf,https://tanelneemoja.github.io/testing-somecool-stuff/generated_ads/ad_VN000BVYBXU1_085_CNF_1e0361be.jpg,,Spordiriided ballzy veebipoest.,Men's Street Shoes,94.00 EUR,39.00 EUR,"Vans,Green,Lifestyle,in stock,Yes,Vans,Male",,,,,,,,94€,39€
VN0A38F7QCK1_050_CNF,,A classic slip-on,http://ballzy.eu/et/product/a-classic-slip-on-vn0a38f7qck1-050-cnf,https://tanelneemoja.github.io/testing-somecool-stuff/generated_ads/ad_VN0A38F7QCK1_050_CNF_d9ff2f86.jpg,,Spordiriided ballzy veebipoest.,Women's Street Shoes,79.00 EUR,34.00 EUR,"Vans,Blue,Lifestyle,in stock,Yes,Vans,Female",,,,,,,,79€,34€
M2002REI_8.5_CNF,,New balance 2002r,http://ballzy.eu/et/product/new-balance-2002r-m2002rei-8-5-cnf,https://tanelneemoja.github.io/testing-somecool-stuff/generated_ads/ad_M2002REI_8.5_CNF_90ad8271.jpg,,Spordiriided ballzy veebipoest.,Men's Street Shoes,159.00 EUR,79.00 EUR,"New Balance,Pruun,Lifestyle,in stock,Yes,New Balance,Male",,,,,,,,159€,79€
IG5732_4.5_CNF,,Falcon w,http://ballzy.eu/et/product/falcon-w-ig5732-4-5-cnf,https://tanelneemoja.github.io/testing-somecool-stuff/generated_ads/ad_IG5732_4.5_CNF_c3139867.jpg,,"need 90ndate arhiiviväljaandest inspireeritud adidas´i jalatsid on saanud oma disainikrediidi mahukast, väljendusrikkast siluetist, mis on ümberproportoneeritud kaasaegse stiili jaoks. stiilne sünteetiline mokkamaterjal rõhutab paindlikku võrkkattega pealset ning kõik see on kummist välistalla peal, mis tagab haardumise ja kindla sammu.",Women's Street Shoes,109.00 EUR,59.00 EUR,"adidas Originals,White,Lifestyle,in stock,Yes,adidas Originals,Female",,,,,,,,109€,59€
VN0009QC6BT1_080_CNF,,Knu skool,http://ballzy.eu/et/product/knu-skool-vn0009qc6bt1-080-cnf,https://tanelneemoja.github.io/testing-somecool-stuff/generated_ads/ad_VN0009QC6BT1_080_CNF_ab40163c.jpg,,Spordiriided ballzy veebipoest.,Women's Street Shoes,99.00 EUR,65.00 EUR,"Vans,Black,Lifestyle,in stock,Yes,Vans,Male|Female",,,,,,,,99€,65€
VN0009QCBKA1_055_CNF,,Knu skool,http://ballzy.eu/et/product/knu-skool-vn0009qcbka1-055-cnf,https://tanelneemoja.github.io/testing-somecool-stuff/generated_ads/ad_VN0009QCBKA1_055_CNF_93f085b8.jpg,,Spordiriided ballzy veebipoest.,Men's Street Shoes,99.00 EUR,54.00 EUR,"Vans,Black,Lifestyle,in stock,Yes,Vans,Male|Female",,,,,,,,99€,54€
GY0042_4.5_CNF,,Campus 00s w,http://ballzy.eu/et/product/campus-00s-w-gy0042-4-5-cnf,https://tanelneemoja.github.io/testing-somecool-stuff/generated_ads/ad_GY0042_4.5_CNF_30a7e6fd.jpg,,"proportsioonid on muutumas ja isiklik stiil valitseb. uue perspektiiviga meie campus 80s´ile näitavad need adidas´i trennid julget lihtsust oma parimas vormis puhta mokkamoe pealse ja klassikaliste kontrastsete 3 triibuga. uuendatud proportsioonid, mis on inspireeritud 2000ndate rulaajastust, toovad sinu igapäevastesse stiilidesse autentse, enesemääratletud meeleolu.",Women's Street Shoes,119.00 EUR,99.00 EUR,"adidas Originals,Gray,Lifestyle,in stock,Yes,adidas Originals,Female",,,,,,,,119€,99€
S11577_WW006_6.5_CNF,,Low cut shoe z80 desert ash low,http://ballzy.eu/et/product/low-cut-shoe-z80-desert-ash-low-s11577-ww006-6-5-cnf,https://tanelneemoja.github.io/testing-somecool-stuff/generated_ads/ad_S11577_WW006_6.5_CNF_02571267.jpg,,Spordiriided ballzy veebipoest.,Women's Street Shoes,94.00 EUR,34.00 EUR,"Champion,Pink,Lifestyle,in stock,Yes,Champion,Female",,,,,,,,94€,34€
HQ8707_4.5_CNF,,Campus 00s,http://ballzy.eu/et/product/campus-00s-hq8707-4-5-cnf,https://tanelneemoja.github.io/testing-somecool-stuff/generated_ads/ad_HQ8707_4.5_CNF_49316a52.jpg,,"kuigi adidas campus´i kingad debüteerisid kõvaplatsil, võeti need kiiresti kasutusele ka mujal. selle paari puhul liigutame ikoonilist siluetti teises suunas ning lisame sellele kaasaegseid materjale, värve ja proportsioone. need on tehtud esmaklassilise nahast pealsega, mis on vooderdatud pehme froteekangaga, kusjuures kõik see on paigutatud naturaalvalge vahepealse peale - selge ühendus campus´i pärandiga.",Women's Street Shoes,119.00 EUR,,"adidas Originals,Gray,Lifestyle,in stock,No,adidas Originals,Male|Female",,,,,,,,119€,
39640302_4_CNF,,Creeper phatty puma,http://ballzy.eu/et/product/creeper-phatty-puma-39640302-4-cnf,https://tanelneemoja.github.io/testing-somecool-stuff/generated_ads/ad_39640302_4_CNF_7f947365.jpg,,Spordiriided ballzy veebipoest.,Women's Street Shoes,139.00 EUR,99.00 EUR,"Puma,Blue,Lifestyle,in stock,Yes,Puma,Female",,,,,,,,139€,99€
39640303_4_CNF,,Creeper phatty puma,http://ballzy.eu/et/product/creeper-phatty-puma-39640303-4-cnf,https://tanelneemoja.github.io/testing-somecool-stuff/generated_ads/ad_39640303_4_CNF_23c99ddd.jpg,,Spordiriided ballzy veebipoest.,Women's Street Shoes,139.00 EUR,99.00 EUR,"Puma,Purple,Lifestyle,in stock,Yes,Puma,Female",,,,,,,,139€,99€
DD1391_103_7_CNF,,Nike dunk low retro,http://ballzy.eu/et/product/nike-dunk-low-retro-dd1391-103-7-cnf,https://tanelneemoja.github.io/testing-somecool-stuff/generated_ads/ad_DD1391_103_7_CNF_885fcd22.jpg,,"true to your crew… nike dunk low retro, mis on loodud kõvaplatsile, kuid viidud tänavatele, naaseb teravate kattematerjalide ja originaalsete meeskonnavärvidega. see korvpalli ikoon kanaliseerib '80ndate vibratsiooni kõrgekvaliteedilise nahaga pealses, mis näeb hea välja ja murdub veelgi paremini. kaasaegne jalatsitehnoloogia aitab tuua mugavuse 21. sajandisse… toote omadused: premium nahk pealses on täiusliku läikega ja murdub ilusti sisse… kaasaegne vahtpol",Men's Street Shoes,129.00 EUR,99.00 EUR,"Nike,Gray,Lifestyle,in stock,Yes,Nike,Male",,,,,,,,129€,99€
DD9625_100_6.5_CNF,,Wmns air force 1 ´07 mid,http://ballzy.eu/et/product/wmns-air-force-1-07-mid-dd9625-100-6-5-cnf,https://tanelneemoja.github.io/testing-somecool-stuff/generated_ads/ad_DD9625_100_6.5_CNF_c44c149e.jpg,,"legendaarne af1 stiil… air force 1 '07 mid on kõik, mida sa kõige rohkem armastad: teravad katted, julged aktsendid ja täiuslik kogus välku, mis laseb sul särada. pehmendusega, keskmise kõrgusega krae koos klassikalise konksukinnitusega segab stiili mitmekülgsuse ja traditsioonilise b-palli mugavuse, samal ajal kui perforeeringud varvastel hoiavad sind jahedana… tooteomadused: pehmendusega, keskmise kõrgusega krae ja klassikaline konksukinnitus: karge, kergesti puha",Women's Street Shoes,149.00 EUR,97.00 EUR,"Nike,White,Lifestyle,in stock,Yes,Nike,Female",,,,,,,,149€,97€
DN1791_100_7_CNF,,W nike cortez,http://ballzy.eu/et/product/w-nike-cortez-dn1791-100-7-cnf,https://tanelneemoja.github.io/testing-somecool-stuff/generated_ads/ad_DN1791_100_7_CNF_3dcf6dca.jpg,,"üks sõna: traditsioon. traditsioonijooksust moe fenomeniks, selle retrohõnguline välimus, käsnpehme vahepealne tallapõhi ja nägusad detailid pakuvad kümnendi pärast kümnendit. see iteratsioon pakub lihtsasti stiilseid värve koos vintage-vibe… toote omadused: 72. aasta originaalist inspireeritud vahtpolster koos ikoonilise kiiluga pakub mugavust kohe algusest peale… nahast pealne on kergesti puhastatav ja stiilne… kalaseljamustriga kummist tald annab sulle pal",Women's Street Shoes,109.00 EUR,71.00 EUR,"Nike,White,Lifestyle,in stock,Yes,Nike,Female",,,,,,,,109€,71€
FJ7098_002_10_CNF,,Nike air humara qs,http://ballzy.eu/et/product/nike-air-humara-qs-fj7098-002-10-cnf,https://tanelneemoja.github.io/testing-somecool-stuff/generated_ads/ad_FJ7098_002_10_CNF_fdb1eea9.jpg,,Spordiriided ballzy veebipoest.,Kids' Street Shoes,174.00 EUR,117.00 EUR,"Nike,Black,Lifestyle,in stock,Yes,Nike,Male|Female|Children",,,,,,,,174€,117€
H754LFN_8.5_CNF,,New balance h754,http://ballzy.eu/et/product/new-balance-h754-h754lfn-8-5-cnf,https://tanelneemoja.github.io/testing-somecool-stuff/generated_ads/ad_H754LFN_8.5_CNF_0436c263.jpg,,"võta oma päev maastikul h754. see pärandist inspireeritud jalanõu, mille aluseks on kummist välistald, pakub päevale vastu astudes suurepärast stiili. d-rõngaga nöörisüsteem pakub kindlat istuvust.",Men's Boots,129.00 EUR,103.20 EUR,"New Balance,Blue,Lifestyle,in stock,Yes,New Balance,Male",,,,,,,,129€,103.20€
H754LFT_8.5_CNF,,New balance h754,http://ballzy.eu/et/product/new-balance-h754-h754lft-8-5-cnf,https://tanelneemoja.github.io/testing-somecool-stuff/generated_ads/ad_H754LFT_8.5_CNF_cc5cc89f.jpg,,"võta oma päev maastikul h754. see pärandist inspireeritud jalanõu, mille aluseks on kummist välistald, pakub päevale vastu astudes suurepärast stiili. d-rõngaga nöörisüsteem pakub kindlat istuvust.",Men's Boots,129.00 EUR,103.20 EUR,"New Balance,Beež,Lifestyle,in stock,Yes,New Balance,Male",,,,,,,,129€,103.20€
H754LLB_8.5_CNF,,New balance h754,http://ballzy.eu/et/product/new-balance-h754-h754llb-8-5-cnf,https://tanelneemoja.github.io/testing-somecool-stuff/generated_ads/ad_H754LLB_8.5_CNF_26a5ab16.jpg,,"võta oma päev maastikul h754. see pärandist inspireeritud jalanõu, mille aluseks on kummist välistald, pakub päevale vastu astudes suurepärast stiili. d-rõngaga nöörisüsteem pakub kindlat istuvust.",Men's Boots,129.00 EUR,103.20 EUR,"New Balance,Pruun,Lifestyle,in stock,Yes,New Balance,Male",,,,,,,,129€,103.20€
H754LLK_8.5_CNF,,New balance h754,http://ballzy.eu/et/product/new-balance-h754-h754llk-8-5-cnf,https://tanelneemoja.github.io/testing-somecool-stuff/generated_ads/ad_H754LLK_8.5_CNF_ebef68f9.jpg,,"võta oma päev maastikul h754. see pärandist inspireeritud jalanõu, mille aluseks on kummist välistald, pakub päevale vastu astudes suurepärast stiili. d-rõngaga nöörisüsteem pakub kindlat istuvust.",Men's Boots,129.00 EUR,103.20 EUR,"New Balance,Black,Lifestyle,in stock,Yes,New Balance,Male",,,,,,,,129€,103.20€
DZ5577_041_3.5Y_CNF,,Jordan mvp gs,http://ballzy.eu/et/product/jordan-mvp-gs-dz5577-041-3-5y-cnf,https://tanelneemoja.github.io/testing-somecool-stuff/generated_ads/ad_DZ5577_041_3.5Y_CNF_c7b174c3.jpg,,"austage jordani esimesi 3 meistrivõistlust paari jalgpalliga, mis kogub üksikasjad iga aasta kingast ja koondab need üheks tulekahju austuseks. aj6, 7 ja 8 elemendid ärkavad ellu värskelt ja uuel moel, otse teie jalas… toote omadused: ülemine osa on segu aj6 ja 7 elementidest: keele pealmine osa ja modifitseeritud kattekate viitavad aj6-le, samas kui pooljalatsivooder on aj7-le pühendatud… tikitud nike airi kannalogo viitab aj6-le ja vormitud kanna detail pärineb aj",Kids' Street Shoes,144.00 EUR,94.00 EUR,"Jordan,Black,Lifestyle,in stock,Yes,Jordan,Female|Children",,,,,,,,144€,94€
DZ5577_100_3.5Y_CNF,,Jordan mvp gs,http://ballzy.eu/et/product/jordan-mvp-gs-dz5577-100-3-5y-cnf,https://tanelneemoja.github.io/testing-somecool-stuff/generated_ads/ad_DZ5577_100_3.5Y_CNF_221d01ec.jpg,,"austage jordani esimesi 3 meistrivõistlust paari jalgpalliga, mis kogub üksikasjad iga aasta kingast ja koondab need üheks tulekahju austuseks. aj6, 7 ja 8 elemendid ärkavad ellu värskelt ja uuel moel, otse teie jalas… toote omadused: ülemine osa on segu aj6 ja 7 elementidest: keele pealmine osa ja modifitseeritud kattekate viitavad aj6-le, samas kui pooljalatsivooder on aj7-le pühendatud… tikitud nike airi kannalogo viitab aj6-le ja vormitud kanna detail pärineb aj",Kids' Street Shoes,144.00 EUR,94.00 EUR,"Jordan,White,Lifestyle,in stock,Yes,Jordan,Female|Children",,,,,,,,144€,94€
DM3386_100_1.5Y_CNF,,Force 1 lv8 ps,http://ballzy.eu/et/product/force-1-lv8-ps-dm3386-100-1-5y-cnf,https://tanelneemoja.github.io/testing-somecool-stuff/generated_ads/ad_DM3386_100_1.5Y_CNF_976fb243.jpg,,Spordiriided ballzy veebipoest.,Kids' Street Shoes,84.00 EUR,55.00 EUR,"Nike,White,Lifestyle,in stock,Yes,Nike,Children",,,,,,,,84€,55€
FB1396_070_10.5_CNF,,Jordan stay loyal 3,http://ballzy.eu/et/product/jordan-stay-loyal-3-fb1396-070-10-5-cnf,https://tanelneemoja.github.io/testing-somecool-stuff/generated_ads/ad_FB1396_070_10.5_CNF_225db453.jpg,,"sa pead teadma, kus sa oled olnud, et teada, kuhu sa lähed. me võtsime seda südamele, kui lõime stay loyal 3, kaasaegse kinga, mis on ehitatud air jordani pärandile. nii seest kui väljast on need tehtud mitmekülgsuse jaoks, minimalistliku välimuse, pilvepehmenduse ja aj4-i meenutavate disainielementidega. teisisõnu, stiil koos tõestatud kestva võimsusega… toote omadused: aj4 disainielemendid tulevad esile pealses ja kesksoolas… nahk ja tekstiil pealses annavad sulle",Men's Street Shoes,139.00 EUR,91.00 EUR,"Jordan,Black,Lifestyle,in stock,Yes,Jordan,Male",,,,,,,,139€,91€
FB1396_100_10_CNF,,Jordan stay loyal 3,http://ballzy.eu/et/product/jordan-stay-loyal-3-fb1396-100-10-cnf,https://tanelneemoja.github.io/testing-somecool-stuff/generated_ads/ad_FB1396_100_10_CNF_ab2305d6.jpg,,"sa pead teadma, kus sa oled olnud, et teada, kuhu sa lähed. me võtsime seda südamele, kui lõime stay loyal 3, kaasaegse kinga, mis on ehitatud air jordani pärandile. nii seest kui väljast on need tehtud mitmekülgsuse jaoks, minimalistliku välimuse, pilvepehmenduse ja aj4-i meenutavate disainielementidega. teisisõnu, stiil koos tõestatud kestva võimsusega… toote omadused: aj4 disainielemendid tulevad esile pealses ja kesksoolas… nahk ja tekstiil pealses annavad sulle",Men's Street Shoes,139.00 EUR,91.00 EUR,"Jordan,White,Lifestyle,in stock,Yes,Jordan,Male",,,,,,,,139€,91€
PC9060GY_10.5_CNF,,New balance u9060 kids,http://ballzy.eu/et/product/new-balance-u9060-kids-pc9060gy-10-5-cnf,https://tanelneemoja.github.io/testing-somecool-stuff/generated_ads/ad_PC9060GY_10.5_CNF_576e8fda.jpg,,Spordiriided ballzy veebipoest.,Kids' Street Shoes,114.00 EUR,79.00 EUR,"New Balance,Gray,Lifestyle,in stock,Yes,New Balance,Children",,,,,,,,114€,79€
U9060NRJ_4.5_CNF,,New balance u9060,http://ballzy.eu/et/product/new-balance-u9060-u9060nrj-4-5-cnf,https://tanelneemoja.github.io/testing-somecool-stuff/generated_ads/ad_U9060NRJ_4.5_CNF_05c4c7ab.jpg,,"uus 9060 tõlgendab klassikalistest 99x-seeria mudelitest pärit tuttavaid elemente ümber väänatud tundlikkusega, mis on inspireeritud y2k-ajastu uhkelt futuristlikust, nähtavast tehnoloogilisest esteetikast. sway baarid, mis on võetud mudelilt 990, on laiendatud ja kasutatud kogu pealsel, et tekitada nähtava liikumise tunnet, samas kui lainelised jooned ja skulptuuritud pod-välipõhjal olevad suuremad proportsioonid rõhutavad liialdatult abzorb ja sbs tuttavaid pehmendusplatvorme.</",Women's Street Shoes,189.00 EUR,,"New Balance,White,Lifestyle,in stock,No,New Balance,Male|Female",,,,,,,,189€,
U9060EEB_4.5_CNF,,New balance 9060,http://ballzy.eu/et/product/new-balance-9060-u9060eeb-4-5-cnf,https://tanelneemoja.github.io/testing-somecool-stuff/generated_ads/ad_U9060EEB_4.5_CNF_e020d266.jpg,,"uus 9060 tõlgendab klassikalistest 99x-seeria mudelitest pärit tuttavaid elemente ümber väänatud tundlikkusega, mis on inspireeritud y2k-ajastu uhkelt futuristlikust, nähtavast tehnoloogilisest esteetikast. sway baarid, mis on võetud mudelilt 990, on laiendatud ja kasutatud kogu pealsel, et tekitada nähtava liikumise tunnet, samas kui lainelised jooned ja skulptuuritud pod-välipõhjal olevad suuremad proportsioonid rõhutavad liialdatult abzorb ja sbs tuttavaid pehmendusplatvorme.</",Women's Street Shoes,189.00 EUR,159.00 EUR,"New Balance,Gray,Lifestyle,in stock,Yes,New Balance,Male|Female",,,,,,,,189€,159€
DV0991_111_5.5_CNF,,Wmns air jordan 1 mid,http://ballzy.eu/et/product/wmns-air-jordan-1-mid-dv0991-111-5-5-cnf,https://tanelneemoja.github.io/testing-somecool-stuff/generated_ads/ad_DV0991_111_5.5_CNF_6e1206a0.jpg,,"ära kunagi sega klassikat. hoidke pärand jalas valge-valge välimusega, mis ei lähe kunagi moest välja… toote omadused: ehtne ja sünteetiline nahk tagab suurepärase vastupidavuse ja stiili… pehmendusega keel ja sisemine pealne lisamugavust ja turvalisust… ikoniline tiibadega air jordan logo pealsel traditsioonilise brändi jaoks… kapseldatud air-üksus kannas annab kerge pehmenduse, mida tead ja armastad… tugev kummist välistald koos turvise standa",Women's Street Shoes,149.00 EUR,97.00 EUR,"Jordan,White,Lifestyle,in stock,Yes,Jordan,Female",,,,,,,,149€,97€
PZ530SB1_10.5_CNF,,New balance 530 kids bungee lace,http://ballzy.eu/et/product/new-balance-530-kids-bungee-lace-pz530sb1-10-5-cnf,https://tanelneemoja.github.io/testing-somecool-stuff/generated_ads/ad_PZ530SB1_10.5_CNF_6215407e.jpg,,Spordiriided ballzy veebipoest.,Kids' Street Shoes,74.00 EUR,49.00 EUR,"New Balance,White,Lifestyle,in stock,Yes,New Balance,Children",,,,,,,,74€,49€
38019033_8_CNF,,Ca pro classic puma,http://ballzy.eu/et/product/ca-pro-classic-puma-38019033-8-cnf,https://tanelneemoja.github.io/testing-somecool-stuff/generated_ads/ad_38019033_8_CNF_85e59eb1.jpg,,Spordiriided ballzy veebipoest.,Men's Street Shoes,104.00 EUR,49.00 EUR,"Puma,Green,Lifestyle,in stock,Yes,Puma,Male",,,,,,,,104€,49€
38019035_8_CNF,,Ca pro classic puma,http://ballzy.eu/et/product/ca-pro-classic-puma-38019035-8-cnf,https://tanelneemoja.github.io/testing-somecool-stuff/generated_ads/ad_38019035_8_CNF_48fdfdf0.jpg,,Spordiriided ballzy veebipoest.,Men's Street Shoes,104.00 EUR,49.00 EUR,"Puma,Blue,Lifestyle,in stock,Yes,Puma,Male",,,,,,,,104€,49€
39646401_4_CNF,,Palermo lth puma,http://ballzy.eu/et/product/palermo-lth-puma-39646401-4-cnf,https://tanelneemoja.github.io/testing-somecool-stuff/generated_ads/ad_39646401_4_CNF_758942e8.jpg,,Spordiriided ballzy veebipoest.,Men's Street Shoes,94.00 EUR,49.00 EUR,"Puma,White,Lifestyle,in stock,Yes,Puma,Male|Female",,,,,,,,94€,49€
39646403_8_CNF,,Palermo lth,http://ballzy.eu/et/product/palermo-lth-39646403-8-cnf,https://tanelneemoja.github.io/testing-somecool-stuff/generated_ads/ad_39646403_8_CNF_cc3c7c76.jpg,,Spordiriided ballzy veebipoest.,Women's Street Shoes,94.00 EUR,49.00 EUR,"Puma,Black,Lifestyle,in stock,Yes,Puma,Male|Female",,,,,,,,94€,49€
UWRPDCON_4.5_CNF,,New balance warped runners,http://ballzy.eu/et/product/new-balance-warped-runners-uwrpdcon-4-5-cnf,https://tanelneemoja.github.io/testing-somecool-stuff/generated_ads/ad_UWRPDCON_4.5_CNF_648b91ce.jpg,,"wrpd runner´i ainulaadne kontseptuaalne disain on ellu kutsutud liialdatud proportsioonide ja minimalistliku tagasihoidlikkuse kombinatsiooni abil. see uus siluett viitab voolava liikumise tunnetusele, mille kujundatud kontuurid on kujundatud täispikkuses fuelcell-välipinnaga ja laineliste aktsentidega, mis ümbritsevad tagasihoidlikku trikookattega pealset. pärandmudelitest pärinevad üksikud elemendid on väändunud tundmatuseni ja lisatud loomulikult uude disaini. wrpd runner on di",Women's Street Shoes,179.00 EUR,79.00 EUR,"New Balance,Gray,Lifestyle,in stock,Yes,New Balance,Male|Female",,,,,,,,179€,79€
31352348_30_CNF,,Combs w padded,http://ballzy.eu/et/product/combs-w-padded-31352348-30-cnf,https://tanelneemoja.github.io/testing-somecool-stuff/generated_ads/ad_31352348_30_CNF_6c23ebc8.jpg,,Spordiriided ballzy veebipoest.,Women's Boots,189.00 EUR,119.00 EUR,"Dr. Martens,Beež,Lifestyle,in stock,Yes,Dr. Martens,Female",,,,,,,,189€,119€
39590802_4_CNF,,Velophasis always on,http://ballzy.eu/et/product/velophasis-always-on-39590802-4-cnf,https://tanelneemoja.github.io/testing-somecool-stuff/generated_ads/ad_39590802_4_CNF_33ee7fc8.jpg,,Spordiriided ballzy veebipoest.,Women's Street Shoes,134.00 EUR,64.00 EUR,"Puma,Black,Lifestyle,in stock,Yes,Puma,Male|Female",,,,,,,,134€,64€
FD2338_006_3.5Y_CNF,,Jordan one take 5 gs,http://ballzy.eu/et/product/jordan-one-take-5-gs-fd2338-006-3-5y-cnf,https://tanelneemoja.github.io/testing-somecool-stuff/generated_ads/ad_FD2338_006_3.5Y_CNF_40c2dfe3.jpg,,"kiirenda, pange, tulistage, lööge - ja siis korrake. russell westbrooki uusim jalanõu on siin, et aidata teie kiirusmängu, et te oleksite murdmisel peatamatu. külgmised silmapaelad ja ümbermähitud varbaosa aitavad sul end väljakul kindlalt tunda. jalgade all on esijalas energiat tagastav zoom air pehmendus, nii et saate hoida sinkin' 'em esimesest kuni neljanda… toote omadused: pealne, silmapael ja ümbermähitud varbaosa koos aitavad anda sulle väljakul vajalikku kaitset, m",Kids' Street Shoes,89.00 EUR,58.00 EUR,"Jordan,Black,Lifestyle,in stock,Yes,Jordan,Female|Children",,,,,,,,89€,58€
FD2338_106_3.5Y_CNF,,Jordan one take 5 gs,http://ballzy.eu/et/product/jordan-one-take-5-gs-fd2338-106-3-5y-cnf,https://tanelneemoja.github.io/testing-somecool-stuff/generated_ads/ad_FD2338_106_3.5Y_CNF_f58baeca.jpg,,"kiirenda, pange, tulistage, lööge - ja siis korrake. russell westbrooki uusim jalanõu on siin, et aidata teie kiirusmängu, et te oleksite murdmisel peatamatu. külgmised silmapaelad ja ümbermähitud varbaosa aitavad sul end väljakul kindlalt tunda. jalgade all on esijalas energiat tagastav zoom air pehmendus, nii et saate hoida sinkin' 'em esimesest kuni neljanda… toote omadused: pealne, silmapael ja ümbermähitud varbaosa koos aitavad anda sulle väljakul vajalikku kaitset, m",Kids' Street Shoes,89.00 EUR,49.00 EUR,"Jordan,White,Lifestyle,in stock,Yes,Jordan,Female|Children",,,,,,,,89€,49€
IH2216_4.5_CNF,,Gazelle,http://ballzy.eu/et/product/gazelle-ih2216-4-5-cnf,https://tanelneemoja.github.io/testing-somecool-stuff/generated_ads/ad_IH2216_4.5_CNF_e9c19035.jpg,,"kunagi treeninguteks mõeldud adidas gazelle´i jalatsid on muutunud ikooniks. libistage madala profiiliga jalga ja kogege, mis on teinud sellest jalatsist legendi. sünteetiline pealne tagab elegantse silueti, samas kui tekstiilvooder hoiab asjad sees mugavalt. kummist välistald pakub haarduvust kõigi sinu liigutuste jaoks, olenemata sellest, kas sa lähed parki või sõpradega kohvi jooma. need jalatsid ühendavad põlvkondi ühise pühendumuse kaudu stiilile ja tipptasemele ning jätkava",Women's Street Shoes,129.00 EUR,69.00 EUR,"adidas Originals,White,Lifestyle,in stock,Yes,adidas Originals,Male|Female",,,,,,,,129€,69€
VN0007NTDSB1_055_CNF,,Old skool,http://ballzy.eu/et/product/old-skool-vn0007ntdsb1-055-cnf,https://tanelneemoja.github.io/testing-somecool-stuff/generated_ads/ad_VN0007NTDSB1_055_CNF_1acf0c0e.jpg,,Spordiriided ballzy veebipoest.,Women's Street Shoes,84.00 EUR,34.00 EUR,"Vans,Blue,Lifestyle,in stock,Yes,Vans,Female",,,,,,,,84€,34€
VN0009PVB9M1_055_CNF,,Authentic,http://ballzy.eu/et/product/authentic-vn0009pvb9m1-055-cnf,https://tanelneemoja.github.io/testing-somecool-stuff/generated_ads/ad_VN0009PVB9M1_055_CNF_ae073b1e.jpg,,Spordiriided ballzy veebipoest.,Women's Street Shoes,74.00 EUR,29.00 EUR,"Vans,Black,Lifestyle,in stock,Yes,Vans,Female",,,,,,,,74€,29€
VN0009QCNWD1_050_CNF,,Knu skool,http://ballzy.eu/et/product/knu-skool-vn0009qcnwd1-050-cnf,https://tanelneemoja.github.io/testing-somecool-stuff/generated_ads/ad_VN0009QCNWD1_050_CNF_ff1853e1.jpg,,Spordiriided ballzy veebipoest.,Women's Street Shoes,99.00 EUR,54.00 EUR,"Vans,Blue,Lifestyle,in stock,Yes,Vans,Male|Female",,,,,,,,99€,54€
VN0A3TKN6BT1_050_CNF,,Ua sk8-hi platform 2.0,http://ballzy.eu/et/product/ua-sk8-hi-platform-2-0-vn0a3tkn6bt1-050-cnf,https://tanelneemoja.github.io/testing-somecool-stuff/generated_ads/ad_VN0A3TKN6BT1_050_CNF_19cfc31a.jpg,,Spordiriided ballzy veebipoest.,Women's Street Shoes,104.00 EUR,39.00 EUR,"Vans,Black,Lifestyle,in stock,Yes,Vans,Female",,,,,,,,104€,39€
CI0919_117_6_CNF,,W af1 shadow,http://ballzy.eu/et/product/w-af1-shadow-ci0919-117-6-cnf,https://tanelneemoja.github.io/testing-somecool-stuff/generated_ads/ad_CI0919_117_6_CNF_af4ed9a5.jpg,,"duble the af1. double the fun… nike air force 1 shadow paneb klassikalise b-palli disaini mängulisele pöörde. kasutades mitmekihilist lähenemist, kahekordistades brändi ja liialdades kesksooli, rõhutab see af-1 dna-d julge, uue välimusega… toote omadused: 2 silmaalust, 2 porikaitset, 2 tagumist silmaalust ja 2 swoosh´i kujundust, mis tagavad mitmekihilise välimuse ja kahekordse brändi… vahtpolster ja sooneline välistald tagavad, et kinga on kerge, paindlik ja",Women's Street Shoes,149.00 EUR,97.00 EUR,"Nike,White,Lifestyle,in stock,Yes,Nike,Female",,,,,,,,149€,97€
FD2596_107_10_CNF,,Wmns air jordan 1 retro hi og,http://ballzy.eu/et/product/wmns-air-jordan-1-retro-hi-og-fd2596-107-10-cnf,https://tanelneemoja.github.io/testing-somecool-stuff/generated_ads/ad_FD2596_107_10_CNF_ddf24201.jpg,,"see aj1-i iteratsioon muudab mike´i esimese signatuurmudeli värskete värvide kombinatsiooniga. esmaklassilised materjalid, pehme pehmendus ja polsterdatud pahkluu krae pakuvad täielikku tuge ja tähistavad kinga, millest kõik algas… toote omadused: premium konstruktsioon pakub mugavust ja ikoonilist atraktiivsust… kapseldatud nike air-sole üksus kannas annab pehme pehmenduse… toote omaduste alapealkirjad:",Women's Street Shoes,204.00 EUR,89.00 EUR,"Jordan,White,Lifestyle,in stock,Yes,Jordan,Female",,,,,,,,204€,89€
FV5951_111_3.5Y_CNF,,Air force 1 le gs,http://ballzy.eu/et/product/air-force-1-le-gs-fv5951-111-3-5y-cnf,https://tanelneemoja.github.io/testing-somecool-stuff/generated_ads/ad_FV5951_111_3.5Y_CNF_43d3bcbb.jpg,,"af1-s on palju, mida armastada: selle vastupidav õmblus ja hea haarduvus aitavad lastel leida jalga nii esimestel kui ka vihmastel päevadel. see on kinga, mis oli 20 aastat tagasi sama lahe kui täna ja on seda ka siis, kui see on kaetud plekkide, kriimustuste ja kriimustustega. tegelikult võib see olla isegi parem… toote omadused: ehtne ja sünteetiline nahk muudab need jalatsid vastupidavaks - täpselt nagu vanakooli air force 1, mis esmakordselt ilmus aastal '82… va",Kids' Street Shoes,109.00 EUR,94.00 EUR,"Nike,White,Lifestyle,in stock,Yes,Nike,Female|Children",,,,,,,,109€,94€
553558_132_10_CNF,,Air jordan 1 low,http://ballzy.eu/et/product/air-jordan-1-low-553558-132-10-cnf,https://tanelneemoja.github.io/testing-somecool-stuff/generated_ads/ad_553558_132_10_CNF_7bc42a3b.jpg,,"inspireeritud 1985. aastal esinenud originaalmudelist, pakub air jordan 1 low puhast, klassikalist välimust, mis on tuttav, kuid alati värske. ikoonilise disainiga, mis sobib ideaalselt iga 'sobitusega, tagavad need jalanõud, et olete alati punktil… toote omadused: kapseldatud air-sole üksus pakub kerget pehmendust… ehtne nahk pealses pakub vastupidavust ja esmaklassilist välimust… tugev kummist välistald parandab haardumist erinevatel pindadel… toote",Men's Street Shoes,139.00 EUR,91.00 EUR,"Jordan,White,Lifestyle,in stock,Yes,Jordan,Male",,,,,,,,139€,91€
DV1307_104_10_CNF,,Air jordan 1 zm air cmft 2,http://ballzy.eu/et/product/air-jordan-1-zm-air-cmft-2-dv1307-104-10-cnf,https://tanelneemoja.github.io/testing-somecool-stuff/generated_ads/ad_DV1307_104_10_CNF_df291d42.jpg,,"esmaklassiline mokkamaterjal ja jordan brand´i signatuurne vahtpolster formula 23 ühendavad end, et anda sulle eriti luksuslik (ja eriti hubane) aj1. sa ei pea mängima ""kas või"", kui tegemist on stiili või mugavuse valimisega - mis on tore, 'sest sa väärid mõlemat… toote omadused: nike air tehnoloogia neelab lööki ja tagab pehmenduse igal sammul… veluurnahk pealses ja varvastes murdub kergesti sisse ja kohandub sinu jalgadega… jordan formula 23 vahtmaterjal h",Men's Street Shoes,184.00 EUR,94.00 EUR,"Jordan,Gray,Lifestyle,in stock,Yes,Jordan,Male",,,,,,,,184€,94€
FJ3289_001_4.5Y_CNF,,Air force 1 lv8 3 gs,http://ballzy.eu/et/product/air-force-1-lv8-3-gs-fj3289-001-4-5y-cnf,https://tanelneemoja.github.io/testing-somecool-stuff/generated_ads/ad_FJ3289_001_4.5Y_CNF_0c02f8e1.jpg,,Spordiriided ballzy veebipoest.,Kids' Street Shoes,119.00 EUR,78.00 EUR,"Nike,White,Lifestyle,in stock,Yes,Nike,Female|Children",,,,,,,,119€,78€
DD1391_101_11_CNF,,Nike dunk low retro,http://ballzy.eu/et/product/nike-dunk-low-retro-dd1391-101-11-cnf,https://tanelneemoja.github.io/testing-somecool-stuff/generated_ads/ad_DD1391_101_11_CNF_f295c052.jpg,,"true to your crew… nike dunk low retro, mis on loodud kõvaplatsile, kuid viidud tänavatele, naaseb teravate kattematerjalide ja originaalsete meeskonnavärvidega. see korvpalli ikoon kanaliseerib '80ndate vibratsiooni kõrgekvaliteedilise nahaga pealses, mis näeb hea välja ja murdub veelgi paremini. kaasaegne jalatsitehnoloogia aitab tuua mugavuse 21. sajandisse… toote omadused: premium nahk pealses on täiusliku läikega ja murdub ilusti sisse… kaasaegne vahtpol",Men's Street Shoes,129.00 EUR,99.00 EUR,"Nike,Green,Lifestyle,in stock,Yes,Nike,Male",,,,,,,,129€,99€
